mi_rna,seed,accession
hsa-let-7a-2-3p,UGUACA,MIMAT0010195
hsa-let-7a-3p,UAUACA,MIMAT0004481
hsa-let-7a-5p,GAGGUA,MIMAT0000062
hsa-let-7b-3p,UAUACA,MIMAT0004482
hsa-let-7b-5p,GAGGUA,MIMAT0000063
hsa-let-7c-3p,UGUACA,MIMAT0026472
hsa-let-7c-5p,GAGGUA,MIMAT0000064
hsa-let-7d-3p,UAUACG,MIMAT0004484
hsa-let-7d-5p,GAGGUA,MIMAT0000065
hsa-let-7e-3p,UAUACG,MIMAT0004485
hsa-let-7e-5p,GAGGUA,MIMAT0000066
hsa-let-7f-1-3p,UAUACA,MIMAT0004486
hsa-let-7f-2-3p,UAUACA,MIMAT0004487
hsa-let-7f-5p,GAGGUA,MIMAT0000067
hsa-let-7g-3p,UGUACA,MIMAT0004584
hsa-let-7g-5p,GAGGUA,MIMAT0000414
hsa-let-7i-3p,UGCGCA,MIMAT0004585
hsa-let-7i-5p,GAGGUA,MIMAT0000415
hsa-miR-100-3p,AAGCUU,MIMAT0004512
hsa-miR-100-5p,ACCCGU,MIMAT0000098
hsa-miR-101-3p,ACAGUA,MIMAT0000099
hsa-miR-101-5p,AGUUAU,MIMAT0004513
hsa-miR-103a-2-5p,GCUUCU,MIMAT0009196
hsa-miR-103a-3p,GCAGCA,MIMAT0000101
hsa-miR-103b,CAUAGC,MIMAT0007402
hsa-miR-105-3p,CGGAUG,MIMAT0004516
hsa-miR-105-5p,CAAAUG,MIMAT0000102
hsa-miR-106a-3p,UGCAAU,MIMAT0004517
hsa-miR-106a-5p,AAAGUG,MIMAT0000103
hsa-miR-106b-3p,CGCACU,MIMAT0004672
hsa-miR-106b-5p,AAAGUG,MIMAT0000680
hsa-miR-107,GCAGCA,MIMAT0000104
hsa-miR-10a-3p,AAAUUC,MIMAT0004555
hsa-miR-10a-5p,ACCCUG,MIMAT0000253
hsa-miR-10b-3p,CAGAUU,MIMAT0004556
hsa-miR-10b-5p,ACCCUG,MIMAT0000254
hsa-miR-1178-3p,UGCUCA,MIMAT0005823
hsa-miR-1178-5p,AGGGUC,MIMAT0022940
hsa-miR-1179,AGCAUU,MIMAT0005824
hsa-miR-1180-3p,UUCCGG,MIMAT0005825
hsa-miR-1180-5p,GACCCA,MIMAT0026735
hsa-miR-1181,CGUCGC,MIMAT0005826
hsa-miR-1182,AGGGUC,MIMAT0005827
hsa-miR-1183,ACUGUA,MIMAT0005828
hsa-miR-1184,CUGCAG,MIMAT0005829
hsa-miR-1185-1-3p,UAUACA,MIMAT0022838
hsa-miR-1185-2-3p,UAUACA,MIMAT0022713
hsa-miR-1185-5p,GAGGAU,MIMAT0005798
hsa-miR-1193,AGGUCA,MIMAT0015049
hsa-miR-1197,AGGACA,MIMAT0005955
hsa-miR-1199-3p,GCGGCC,MIMAT0031120
hsa-miR-1199-5p,CUGAGC,MIMAT0031119
hsa-miR-1200,UCCUGA,MIMAT0005863
hsa-miR-1202,UGCCAG,MIMAT0005865
hsa-miR-1203,CCGGAG,MIMAT0005866
hsa-miR-1204,CGUGGC,MIMAT0005868
hsa-miR-1205,CUGCAG,MIMAT0005869
hsa-miR-1206,GUUCAU,MIMAT0005870
hsa-miR-1207-3p,CAGCUG,MIMAT0005872
hsa-miR-1207-5p,GGCAGG,MIMAT0005871
hsa-miR-1208,CACUGU,MIMAT0005873
hsa-miR-122-3p,ACGCCA,MIMAT0004590
hsa-miR-1224-3p,CCCACC,MIMAT0005459
hsa-miR-1224-5p,UGAGGA,MIMAT0005458
hsa-miR-1225-3p,GAGCCC,MIMAT0005573
hsa-miR-1225-5p,UGGGUA,MIMAT0005572
hsa-miR-122-5p,GGAGUG,MIMAT0000421
hsa-miR-1226-3p,CACCAG,MIMAT0005577
hsa-miR-1226-5p,UGAGGG,MIMAT0005576
hsa-miR-1227-3p,GUGCCA,MIMAT0005580
hsa-miR-1227-5p,UGGGGC,MIMAT0022941
hsa-miR-1228-3p,CACACC,MIMAT0005583
hsa-miR-1228-5p,UGGGCG,MIMAT0005582
hsa-miR-1229-3p,UCUCAC,MIMAT0005584
hsa-miR-1229-5p,UGGGUA,MIMAT0022942
hsa-miR-1231,UGUCUG,MIMAT0005586
hsa-miR-1233-3p,GAGCCC,MIMAT0005588
hsa-miR-1233-5p,GUGGGA,MIMAT0022943
hsa-miR-1234-3p,CGGCCU,MIMAT0005589
hsa-miR-1236-3p,CUCUUC,MIMAT0005591
hsa-miR-1236-5p,GAGUGA,MIMAT0022945
hsa-miR-1237-3p,CCUUCU,MIMAT0005592
hsa-miR-1237-5p,GGGGGC,MIMAT0022946
hsa-miR-1238-3p,UUCCUC,MIMAT0005593
hsa-miR-1238-5p,UGAGUG,MIMAT0022947
hsa-miR-1243,ACUGGA,MIMAT0005894
hsa-miR-124-3p,AAGGCA,MIMAT0000422
hsa-miR-1244,AGUAGU,MIMAT0005896
hsa-miR-1245a,AGUGAU,MIMAT0005897
hsa-miR-1245b-3p,CAGAUG,MIMAT0019951
hsa-miR-1245b-5p,AGGCCU,MIMAT0019950
hsa-miR-124-5p,GUGUUC,MIMAT0004591
hsa-miR-1246,AUGGAU,MIMAT0005898
hsa-miR-1247-3p,CCCGGG,MIMAT0022721
hsa-miR-1247-5p,CCCGUC,MIMAT0005899
hsa-miR-1248,CCUUCU,MIMAT0005900
hsa-miR-1249-3p,CGCCCU,MIMAT0005901
hsa-miR-1249-5p,GGAGGG,MIMAT0032029
hsa-miR-1250-3p,CAUUUU,MIMAT0026740
hsa-miR-1250-5p,CGGUGC,MIMAT0005902
hsa-miR-1251-3p,GCUUUG,MIMAT0026741
hsa-miR-1251-5p,CUCUAG,MIMAT0005903
hsa-miR-1252-3p,AAAUGA,MIMAT0026744
hsa-miR-1252-5p,GAAGGA,MIMAT0005944
hsa-miR-1253,GAGAAG,MIMAT0005904
hsa-miR-1254,GCCUGG,MIMAT0005905
hsa-miR-1255a,GGAUGA,MIMAT0005906
hsa-miR-1255b-2-3p,ACCACU,MIMAT0022725
hsa-miR-1255b-5p,GGAUGA,MIMAT0005945
hsa-miR-1256,GGCAUU,MIMAT0005907
hsa-miR-1257,GUGAAU,MIMAT0005908
hsa-miR-1258,GUUAGG,MIMAT0005909
hsa-miR-125a-3p,CAGGUG,MIMAT0004602
hsa-miR-125a-5p,CCCUGA,MIMAT0000443
hsa-miR-125b-1-3p,CGGGUU,MIMAT0004592
hsa-miR-125b-2-3p,CACAAG,MIMAT0004603
hsa-miR-125b-5p,CCCUGA,MIMAT0000423
hsa-miR-1260a,UCCCAC,MIMAT0005911
hsa-miR-1260b,UCCCAC,MIMAT0015041
hsa-miR-1261,UGGAUA,MIMAT0005913
hsa-miR-1262,UGGGUG,MIMAT0005914
hsa-miR-1263,UGGUAC,MIMAT0005915
hsa-miR-126-3p,CGUACC,MIMAT0000445
hsa-miR-1264,AAGUCU,MIMAT0005791
hsa-miR-1265,AGGAUG,MIMAT0005918
hsa-miR-126-5p,AUUAUU,MIMAT0000444
hsa-miR-1266-3p,CCUGUU,MIMAT0026742
hsa-miR-1266-5p,CUCAGG,MIMAT0005920
hsa-miR-1267,CUGUUG,MIMAT0005921
hsa-miR-1268a,GGGCGU,MIMAT0005922
hsa-miR-1268b,GGGCGU,MIMAT0018925
hsa-miR-1269a,UGGACU,MIMAT0005923
hsa-miR-1269b,UGGACU,MIMAT0019059
hsa-miR-1270,UGGAGA,MIMAT0005924
hsa-miR-1271-3p,GUGCCU,MIMAT0022712
hsa-miR-1271-5p,UUGGCA,MIMAT0005796
hsa-miR-1272,AUGAUG,MIMAT0005925
hsa-miR-1273a,GGCGAC,MIMAT0005926
hsa-miR-1273c,GCGACA,MIMAT0015017
hsa-miR-1273d,AACCCA,MIMAT0015090
hsa-miR-1273e,UGCUUG,MIMAT0018079
hsa-miR-1273f,GAGAUG,MIMAT0020601
hsa-miR-1273g-3p,CCACUG,MIMAT0022742
hsa-miR-1273g-5p,GUGGUU,MIMAT0020602
hsa-miR-1273h-3p,UGCAGA,MIMAT0030416
hsa-miR-1273h-5p,UGGGAG,MIMAT0030415
hsa-miR-127-3p,CGGAUC,MIMAT0000446
hsa-miR-1275,UGGGGG,MIMAT0005929
hsa-miR-127-5p,UGAAGC,MIMAT0004604
hsa-miR-1276,AAAGAG,MIMAT0005930
hsa-miR-1277-3p,ACGUAG,MIMAT0005933
hsa-miR-1277-5p,AAUAUA,MIMAT0022724
hsa-miR-1278,AGUACU,MIMAT0005936
hsa-miR-1279,CAUAUU,MIMAT0005937
hsa-miR-1281,CGCCUC,MIMAT0005939
hsa-miR-128-1-5p,GGGGCC,MIMAT0026477
hsa-miR-1282,CGUUUG,MIMAT0005940
hsa-miR-128-2-5p,GGGGCC,MIMAT0031095
hsa-miR-1283,CUACAA,MIMAT0005799
hsa-miR-128-3p,CACAGU,MIMAT0000424
hsa-miR-1284,CUAUAC,MIMAT0005941
hsa-miR-1285-3p,CUGGGC,MIMAT0005876
hsa-miR-1285-5p,AUCUCA,MIMAT0022719
hsa-miR-1286,GCAGGA,MIMAT0005877
hsa-miR-1287-3p,UCUAGC,MIMAT0026738
hsa-miR-1287-5p,GCUGGA,MIMAT0005878
hsa-miR-1288-3p,GGACUG,MIMAT0005942
hsa-miR-1288-5p,CAGAUC,MIMAT0026743
hsa-miR-1289,GGAGUC,MIMAT0005879
hsa-miR-1290,GGAUUU,MIMAT0005880
hsa-miR-1291,GGCCCU,MIMAT0005881
hsa-miR-129-1-3p,AGCCCU,MIMAT0004548
hsa-miR-1292-3p,CGCGCC,MIMAT0022948
hsa-miR-129-2-3p,AGCCCU,MIMAT0004605
hsa-miR-1292-5p,GGGAAC,MIMAT0005943
hsa-miR-1293,GGGUGG,MIMAT0005883
hsa-miR-1294,GUGAGG,MIMAT0005884
hsa-miR-1295a,UAGGCC,MIMAT0005885
hsa-miR-1295b-3p,AUAGGC,MIMAT0022294
hsa-miR-1295b-5p,ACCCAG,MIMAT0022293
hsa-miR-129-5p,UUUUUG,MIMAT0000242
hsa-miR-1296-3p,AGUGGG,MIMAT0026637
hsa-miR-1296-5p,UAGGGC,MIMAT0005794
hsa-miR-1297,UCAAGU,MIMAT0005886
hsa-miR-1298-3p,AUCUGG,MIMAT0026641
hsa-miR-1298-5p,UCAUUC,MIMAT0005800
hsa-miR-1299,UCUGGA,MIMAT0005887
hsa-miR-1301-3p,UGCAGC,MIMAT0005797
hsa-miR-1301-5p,GCUCUA,MIMAT0026639
hsa-miR-1302,UGGGAC,MIMAT0005890
hsa-miR-1303,UUAGAG,MIMAT0005891
hsa-miR-1304-3p,CUCACU,MIMAT0022720
hsa-miR-1304-5p,UUGAGG,MIMAT0005892
hsa-miR-1305,UUUCAA,MIMAT0005893
hsa-miR-1306-3p,CGUUGG,MIMAT0005950
hsa-miR-1306-5p,CACCUC,MIMAT0022726
hsa-miR-1307-3p,CUCGGC,MIMAT0005951
hsa-miR-1307-5p,CGACCG,MIMAT0022727
hsa-miR-130a-3p,AGUGCA,MIMAT0000425
hsa-miR-130a-5p,UCACAU,MIMAT0004593
hsa-miR-130b-3p,AGUGCA,MIMAT0000691
hsa-miR-130b-5p,CUCUUU,MIMAT0004680
hsa-miR-1321,AGGGAG,MIMAT0005952
hsa-miR-1322,AUGAUG,MIMAT0005953
hsa-miR-1323,CAAAAC,MIMAT0005795
hsa-miR-132-3p,AACAGU,MIMAT0000426
hsa-miR-1324,CAGACA,MIMAT0005956
hsa-miR-132-5p,CCGUGG,MIMAT0004594
hsa-miR-133a-3p,UGGUCC,MIMAT0000427
hsa-miR-133a-5p,GCUGGU,MIMAT0026478
hsa-miR-133b,UUGGUC,MIMAT0000770
hsa-miR-1343-3p,UCCUGG,MIMAT0019776
hsa-miR-1343-5p,GGGGAG,MIMAT0027038
hsa-miR-134-3p,CUGUGG,MIMAT0026481
hsa-miR-134-5p,GUGACU,MIMAT0000447
hsa-miR-135a-3p,AUAGGG,MIMAT0004595
hsa-miR-135a-5p,AUGGCU,MIMAT0000428
hsa-miR-135b-3p,UGUAGG,MIMAT0004698
hsa-miR-135b-5p,AUGGCU,MIMAT0000758
hsa-miR-136-3p,AUCAUC,MIMAT0004606
hsa-miR-136-5p,CUCCAU,MIMAT0000448
hsa-miR-137,UAUUGC,MIMAT0000429
hsa-miR-138-1-3p,CUACUU,MIMAT0004607
hsa-miR-138-2-3p,CUAUUU,MIMAT0004596
hsa-miR-138-5p,GCUGGU,MIMAT0000430
hsa-miR-139-3p,GGAGAC,MIMAT0004552
hsa-miR-139-5p,CUACAG,MIMAT0000250
hsa-miR-1-3p,GGAAUG,MIMAT0000416
hsa-miR-140-3p,CCACAG,MIMAT0004597
hsa-miR-140-5p,AGUGGU,MIMAT0000431
hsa-miR-141-3p,AACACU,MIMAT0000432
hsa-miR-141-5p,AUCUUC,MIMAT0004598
hsa-miR-142-3p,GUAGUG,MIMAT0000434
hsa-miR-142-5p,AUAAAG,MIMAT0000433
hsa-miR-143-3p,GAGAUG,MIMAT0000435
hsa-miR-143-5p,GUGCAG,MIMAT0004599
hsa-miR-144-3p,ACAGUA,MIMAT0000436
hsa-miR-144-5p,GAUAUC,MIMAT0004600
hsa-miR-145-3p,GAUUCC,MIMAT0004601
hsa-miR-145-5p,UCCAGU,MIMAT0000437
hsa-miR-1468-3p,GCAAAA,MIMAT0026638
hsa-miR-1468-5p,UCCGUU,MIMAT0006789
hsa-miR-1469,UCGGCG,MIMAT0007347
hsa-miR-146a-3p,CUCUGA,MIMAT0004608
hsa-miR-146a-5p,GAGAAC,MIMAT0000449
hsa-miR-146b-3p,GCCCUG,MIMAT0004766
hsa-miR-146b-5p,GAGAAC,MIMAT0002809
hsa-miR-1470,CCCUCC,MIMAT0007348
hsa-miR-1471,CCCGCG,MIMAT0007349
hsa-miR-147a,UGUGUG,MIMAT0000251
hsa-miR-147b,UGUGCG,MIMAT0004928
hsa-miR-148a-3p,CAGUGC,MIMAT0000243
hsa-miR-148a-5p,AAGUUC,MIMAT0004549
hsa-miR-148b-3p,CAGUGC,MIMAT0000759
hsa-miR-148b-5p,AGUUCU,MIMAT0004699
hsa-miR-149-3p,GGGAGG,MIMAT0004609
hsa-miR-149-5p,CUGGCU,MIMAT0000450
hsa-miR-150-3p,UGGUAC,MIMAT0004610
hsa-miR-150-5p,CUCCCA,MIMAT0000451
hsa-miR-151a-3p,UAGACU,MIMAT0000757
hsa-miR-151a-5p,CGAGGA,MIMAT0004697
hsa-miR-151b,CGAGGA,MIMAT0010214
hsa-miR-152-3p,CAGUGC,MIMAT0000438
hsa-miR-152-5p,GGUUCU,MIMAT0026479
hsa-miR-153-3p,UGCAUA,MIMAT0000439
hsa-miR-153-5p,CAUUUU,MIMAT0026480
hsa-miR-1537-3p,AAACCG,MIMAT0007399
hsa-miR-1537-5p,GCUGUA,MIMAT0026765
hsa-miR-1538,GGCCCG,MIMAT0007400
hsa-miR-1539,CCUGCG,MIMAT0007401
hsa-miR-154-3p,AUCAUA,MIMAT0000453
hsa-miR-154-5p,AGGUUA,MIMAT0000452
hsa-miR-155-3p,UCCUAC,MIMAT0004658
hsa-miR-155-5p,UAAUGC,MIMAT0000646
hsa-miR-1587,UGGGCU,MIMAT0019077
hsa-miR-15a-3p,AGGCCA,MIMAT0004488
hsa-miR-15a-5p,AGCAGC,MIMAT0000068
hsa-miR-15b-3p,GAAUCA,MIMAT0004586
hsa-miR-15b-5p,AGCAGC,MIMAT0000417
hsa-miR-1-5p,CAUACU,MIMAT0031892
hsa-miR-16-1-3p,CAGUAU,MIMAT0004489
hsa-miR-16-2-3p,CAAUAU,MIMAT0004518
hsa-miR-16-5p,AGCAGC,MIMAT0000069
hsa-miR-17-3p,CUGCAG,MIMAT0000071
hsa-miR-17-5p,AAAGUG,MIMAT0000070
hsa-miR-181a-2-3p,CCACUG,MIMAT0004558
hsa-miR-181a-3p,CCAUCG,MIMAT0000270
hsa-miR-181a-5p,ACAUUC,MIMAT0000256
hsa-miR-181b-2-3p,UCACUG,MIMAT0031893
hsa-miR-181b-3p,UCACUG,MIMAT0022692
hsa-miR-181b-5p,ACAUUC,MIMAT0000257
hsa-miR-181c-3p,ACCAUC,MIMAT0004559
hsa-miR-181c-5p,ACAUUC,MIMAT0000258
hsa-miR-181d-3p,CACCGG,MIMAT0026608
hsa-miR-181d-5p,ACAUUC,MIMAT0002821
hsa-miR-182-3p,GGUUCU,MIMAT0000260
hsa-miR-1825,CCAGUG,MIMAT0006765
hsa-miR-182-5p,UUGGCA,MIMAT0000259
hsa-miR-1827,GAGGCA,MIMAT0006767
hsa-miR-183-3p,UGAAUU,MIMAT0004560
hsa-miR-183-5p,AUGGCA,MIMAT0000261
hsa-miR-184,GGACGG,MIMAT0000454
hsa-miR-185-3p,GGGGCU,MIMAT0004611
hsa-miR-185-5p,GGAGAG,MIMAT0000455
hsa-miR-186-3p,CCCAAA,MIMAT0004612
hsa-miR-186-5p,AAAGAA,MIMAT0000456
hsa-miR-187-3p,CGUGUC,MIMAT0000262
hsa-miR-187-5p,GCUACA,MIMAT0004561
hsa-miR-188-3p,UCCCAC,MIMAT0004613
hsa-miR-188-5p,AUCCCU,MIMAT0000457
hsa-miR-18a-3p,CUGCCC,MIMAT0002891
hsa-miR-18a-5p,AAGGUG,MIMAT0000072
hsa-miR-18b-3p,GCCCUA,MIMAT0004751
hsa-miR-18b-5p,AAGGUG,MIMAT0001412
hsa-miR-1908-3p,CGGCCG,MIMAT0026916
hsa-miR-1908-5p,GGCGGG,MIMAT0007881
hsa-miR-1909-3p,GCAGGG,MIMAT0007883
hsa-miR-1909-5p,GAGUGC,MIMAT0007882
hsa-miR-190a-3p,UAUAUA,MIMAT0026482
hsa-miR-190a-5p,GAUAUG,MIMAT0000458
hsa-miR-190b,GAUAUG,MIMAT0004929
hsa-miR-1910-3p,AGGCAG,MIMAT0026917
hsa-miR-1910-5p,CAGUCC,MIMAT0007884
hsa-miR-1911-3p,ACCAGG,MIMAT0007886
hsa-miR-1911-5p,GAGUAC,MIMAT0007885
hsa-miR-1912,ACCCAG,MIMAT0007887
hsa-miR-1913,CUGCCC,MIMAT0007888
hsa-miR-191-3p,CUGCGC,MIMAT0001618
hsa-miR-1914-3p,GAGGGG,MIMAT0007890
hsa-miR-1914-5p,CCUGUG,MIMAT0007889
hsa-miR-1915-3p,CCCAGG,MIMAT0007892
hsa-miR-1915-5p,CCUUGC,MIMAT0007891
hsa-miR-191-5p,AACGGA,MIMAT0000440
hsa-miR-192-3p,UGCCAA,MIMAT0004543
hsa-miR-192-5p,UGACCU,MIMAT0000222
hsa-miR-193a-3p,ACUGGC,MIMAT0000459
hsa-miR-193a-5p,GGGUCU,MIMAT0004614
hsa-miR-193b-3p,ACUGGC,MIMAT0002819
hsa-miR-193b-5p,GGGGUU,MIMAT0004767
hsa-miR-194-3p,CAGUGG,MIMAT0004671
hsa-miR-194-5p,GUAACA,MIMAT0000460
hsa-miR-195-3p,CAAUAU,MIMAT0004615
hsa-miR-195-5p,AGCAGC,MIMAT0000461
hsa-miR-196a-3p,GGCAAC,MIMAT0004562
hsa-miR-196a-5p,AGGUAG,MIMAT0000226
hsa-miR-196b-3p,CGACAG,MIMAT0009201
hsa-miR-196b-5p,AGGUAG,MIMAT0001080
hsa-miR-1972,CAGGCC,MIMAT0009447
hsa-miR-1973,CCGUGC,MIMAT0009448
hsa-miR-197-3p,UCACCA,MIMAT0000227
hsa-miR-197-5p,GGGUAG,MIMAT0022691
hsa-miR-1976,CUCCUG,MIMAT0009451
hsa-miR-198,GUCCAG,MIMAT0000228
hsa-miR-199a-3p,CAGUAG,MIMAT0000232
hsa-miR-199a-5p,CCAGUG,MIMAT0000231
hsa-miR-199b-3p,CAGUAG,MIMAT0004563
hsa-miR-199b-5p,CCAGUG,MIMAT0000263
hsa-miR-19a-3p,GUGCAA,MIMAT0000073
hsa-miR-19a-5p,GUUUUG,MIMAT0004490
hsa-miR-19b-1-5p,GUUUUG,MIMAT0004491
hsa-miR-19b-2-5p,GUUUUG,MIMAT0004492
hsa-miR-19b-3p,GUGCAA,MIMAT0000074
hsa-miR-200a-3p,AACACU,MIMAT0000682
hsa-miR-200a-5p,AUCUUA,MIMAT0001620
hsa-miR-200b-3p,AAUACU,MIMAT0000318
hsa-miR-200b-5p,AUCUUA,MIMAT0004571
hsa-miR-200c-3p,AAUACU,MIMAT0000617
hsa-miR-200c-5p,GUCUUA,MIMAT0004657
hsa-miR-202-3p,GAGGUA,MIMAT0002811
hsa-miR-202-5p,UCCUAU,MIMAT0002810
hsa-miR-203a-3p,GAAAUG,MIMAT0000264
hsa-miR-203a-5p,GUGGUU,MIMAT0031890
hsa-miR-203b-3p,UGAACU,MIMAT0019814
hsa-miR-203b-5p,AGUGGU,MIMAT0019813
hsa-miR-204-3p,CUGGGA,MIMAT0022693
hsa-miR-204-5p,UCCCUU,MIMAT0000265
hsa-miR-2052,GUUUUG,MIMAT0009977
hsa-miR-2053,UGUUAA,MIMAT0009978
hsa-miR-205-3p,AUUUCA,MIMAT0009197
hsa-miR-2054,UGUAAU,MIMAT0009979
hsa-miR-205-5p,CCUUCA,MIMAT0000266
hsa-miR-206,GGAAUG,MIMAT0000462
hsa-miR-208a-3p,UAAGAC,MIMAT0000241
hsa-miR-208a-5p,AGCUUU,MIMAT0026474
hsa-miR-208b-3p,UAAGAC,MIMAT0004960
hsa-miR-208b-5p,AGCUUU,MIMAT0026722
hsa-miR-20a-3p,CUGCAU,MIMAT0004493
hsa-miR-20a-5p,AAAGUG,MIMAT0000075
hsa-miR-20b-3p,CUGUAG,MIMAT0004752
hsa-miR-20b-5p,AAAGUG,MIMAT0001413
hsa-miR-210-3p,UGUGCG,MIMAT0000267
hsa-miR-210-5p,GCCCCU,MIMAT0026475
hsa-miR-2110,UGGGGA,MIMAT0010133
hsa-miR-2113,UUUGUG,MIMAT0009206
hsa-miR-211-3p,CAGGGA,MIMAT0022694
hsa-miR-2114-3p,GAGCCU,MIMAT0011157
hsa-miR-2114-5p,AGUCCC,MIMAT0011156
hsa-miR-2115-3p,AUCAGA,MIMAT0011159
hsa-miR-2115-5p,GCUUCC,MIMAT0011158
hsa-miR-211-5p,UCCCUU,MIMAT0000268
hsa-miR-2116-3p,CUCCCA,MIMAT0011161
hsa-miR-2116-5p,GUUCUU,MIMAT0011160
hsa-miR-2117,GUUCUC,MIMAT0011162
hsa-miR-212-3p,AACAGU,MIMAT0000269
hsa-miR-212-5p,CCUUGG,MIMAT0022695
hsa-miR-21-3p,AACACC,MIMAT0004494
hsa-miR-214-3p,CAGCAG,MIMAT0000271
hsa-miR-214-5p,GCCUGU,MIMAT0004564
hsa-miR-215-3p,CUGUCA,MIMAT0026476
hsa-miR-215-5p,UGACCU,MIMAT0000272
hsa-miR-21-5p,AGCUUA,MIMAT0000076
hsa-miR-216a-3p,CACAGU,MIMAT0022844
hsa-miR-216a-5p,AAUCUC,MIMAT0000273
hsa-miR-216b-3p,CACACU,MIMAT0026721
hsa-miR-216b-5p,AAUCUC,MIMAT0004959
hsa-miR-217,ACUGCA,MIMAT0000274
hsa-miR-218-1-3p,UGGUUC,MIMAT0004565
hsa-miR-218-2-3p,AUGGUU,MIMAT0004566
hsa-miR-218-5p,UGUGCU,MIMAT0000275
hsa-miR-219a-1-3p,GAGUUG,MIMAT0004567
hsa-miR-219a-2-3p,GAAUUG,MIMAT0004675
hsa-miR-219a-5p,GAUUGU,MIMAT0000276
hsa-miR-219b-3p,GAAUUG,MIMAT0019748
hsa-miR-219b-5p,GAUGUC,MIMAT0019747
hsa-miR-221-3p,GCUACA,MIMAT0000278
hsa-miR-221-5p,CCUGGC,MIMAT0004568
hsa-miR-222-3p,GCUACA,MIMAT0000279
hsa-miR-222-5p,UCAGUA,MIMAT0004569
hsa-miR-223-3p,GUCAGU,MIMAT0000280
hsa-miR-223-5p,GUGUAU,MIMAT0004570
hsa-miR-22-3p,AGCUGC,MIMAT0000077
hsa-miR-224-3p,AAAUGG,MIMAT0009198
hsa-miR-224-5p,AAGUCA,MIMAT0000281
hsa-miR-22-5p,GUUCUU,MIMAT0004495
hsa-miR-2276-3p,CUGCAA,MIMAT0011775
hsa-miR-2276-5p,CCCUCU,MIMAT0026921
hsa-miR-2277-3p,GACAGC,MIMAT0011777
hsa-miR-2277-5p,GCGCGG,MIMAT0017352
hsa-miR-2278,AGAGCA,MIMAT0011778
hsa-miR-2355-3p,UUGUCC,MIMAT0017950
hsa-miR-2355-5p,UCCCCA,MIMAT0016895
hsa-miR-2392,AGGAUG,MIMAT0019043
hsa-miR-23a-3p,UCACAU,MIMAT0000078
hsa-miR-23a-5p,GGGUUC,MIMAT0004496
hsa-miR-23b-3p,UCACAU,MIMAT0000418
hsa-miR-23b-5p,GGGUUC,MIMAT0004587
hsa-miR-23c,UCACAU,MIMAT0018000
hsa-miR-24-1-5p,GCCUAC,MIMAT0000079
hsa-miR-24-2-5p,GCCUAC,MIMAT0004497
hsa-miR-24-3p,GGCUCA,MIMAT0000080
hsa-miR-2467-3p,GCAGAG,MIMAT0019953
hsa-miR-2467-5p,GAGGCU,MIMAT0019952
hsa-miR-25-3p,AUUGCA,MIMAT0000081
hsa-miR-25-5p,GGCGGA,MIMAT0004498
hsa-miR-2681-3p,AUCAUG,MIMAT0013516
hsa-miR-2681-5p,UUUUAC,MIMAT0013515
hsa-miR-2682-3p,GCCUCU,MIMAT0013518
hsa-miR-2682-5p,AGGCAG,MIMAT0013517
hsa-miR-26a-1-3p,CUAUUC,MIMAT0004499
hsa-miR-26a-2-3p,CUAUUC,MIMAT0004681
hsa-miR-26a-5p,UCAAGU,MIMAT0000082
hsa-miR-26b-3p,CUGUUC,MIMAT0004500
hsa-miR-26b-5p,UCAAGU,MIMAT0000083
hsa-miR-27a-3p,UCACAG,MIMAT0000084
hsa-miR-27a-5p,GGGCUU,MIMAT0004501
hsa-miR-27b-3p,UCACAG,MIMAT0000419
hsa-miR-27b-5p,GAGCUU,MIMAT0004588
hsa-miR-28-3p,ACUAGA,MIMAT0004502
hsa-miR-28-5p,AGGAGC,MIMAT0000085
hsa-miR-2861,GGGCCU,MIMAT0013802
hsa-miR-2909,UUAGGG,MIMAT0013863
hsa-miR-296-3p,AGGGUU,MIMAT0004679
hsa-miR-296-5p,GGGCCC,MIMAT0000690
hsa-miR-297,UGUAUG,MIMAT0004450
hsa-miR-298,GCAGAA,MIMAT0004901
hsa-miR-299-3p,AUGUGG,MIMAT0000687
hsa-miR-299-5p,GGUUUA,MIMAT0002890
hsa-miR-29a-3p,AGCACC,MIMAT0000086
hsa-miR-29a-5p,CUGAUU,MIMAT0004503
hsa-miR-29b-1-5p,CUGGUU,MIMAT0004514
hsa-miR-29b-2-5p,UGGUUU,MIMAT0004515
hsa-miR-29b-3p,AGCACC,MIMAT0000100
hsa-miR-29c-3p,AGCACC,MIMAT0000681
hsa-miR-29c-5p,GACCGA,MIMAT0004673
hsa-miR-300,AUACAA,MIMAT0004903
hsa-miR-301a-3p,AGUGCA,MIMAT0000688
hsa-miR-301a-5p,CUCUGA,MIMAT0022696
hsa-miR-301b-3p,AGUGCA,MIMAT0004958
hsa-miR-301b-5p,CUCUGA,MIMAT0032026
hsa-miR-302a-3p,AAGUGC,MIMAT0000684
hsa-miR-302a-5p,CUUAAA,MIMAT0000683
hsa-miR-302b-3p,AAGUGC,MIMAT0000715
hsa-miR-302b-5p,CUUUAA,MIMAT0000714
hsa-miR-302c-3p,AAGUGC,MIMAT0000717
hsa-miR-302c-5p,UUAACA,MIMAT0000716
hsa-miR-302d-3p,AAGUGC,MIMAT0000718
hsa-miR-302d-5p,CUUUAA,MIMAT0004685
hsa-miR-302e,AAGUGC,MIMAT0005931
hsa-miR-302f,AAUUGC,MIMAT0005932
hsa-miR-3064-3p,UGCCAC,MIMAT0019865
hsa-miR-3064-5p,CUGGCU,MIMAT0019864
hsa-miR-3065-3p,CAGCAC,MIMAT0015378
hsa-miR-3065-5p,CAACAA,MIMAT0015066
hsa-miR-3074-3p,AUAUCA,MIMAT0015027
hsa-miR-3074-5p,UUCCUG,MIMAT0019208
hsa-miR-30a-3p,UUUCAG,MIMAT0000088
hsa-miR-30a-5p,GUAAAC,MIMAT0000087
hsa-miR-30b-3p,UGGGAG,MIMAT0004589
hsa-miR-30b-5p,GUAAAC,MIMAT0000420
hsa-miR-30c-1-3p,UGGGAG,MIMAT0004674
hsa-miR-30c-2-3p,UGGGAG,MIMAT0004550
hsa-miR-30c-5p,GUAAAC,MIMAT0000244
hsa-miR-30d-3p,UUUCAG,MIMAT0004551
hsa-miR-30d-5p,GUAAAC,MIMAT0000245
hsa-miR-30e-3p,UUUCAG,MIMAT0000693
hsa-miR-30e-5p,GUAAAC,MIMAT0000692
hsa-miR-3115,UAUGGG,MIMAT0014977
hsa-miR-3116,GCCUGG,MIMAT0014978
hsa-miR-3117-3p,UAGGAC,MIMAT0014979
hsa-miR-3117-5p,GACACU,MIMAT0019197
hsa-miR-3118,GUGACU,MIMAT0014980
hsa-miR-3119,GGCUUU,MIMAT0014981
hsa-miR-3120-3p,ACAGCA,MIMAT0014982
hsa-miR-3120-5p,CUGUCU,MIMAT0019198
hsa-miR-3121-3p,AAAUAG,MIMAT0014983
hsa-miR-3121-5p,CCUUUG,MIMAT0019199
hsa-miR-3122,UUGGGA,MIMAT0014984
hsa-miR-3123,AGAGAA,MIMAT0014985
hsa-miR-3124-3p,CUUUCC,MIMAT0019200
hsa-miR-3124-5p,UCGCGG,MIMAT0014986
hsa-miR-3125,AGAGGA,MIMAT0014988
hsa-miR-3126-3p,AUCUGG,MIMAT0015377
hsa-miR-3126-5p,GAGGGA,MIMAT0014989
hsa-miR-3127-3p,CCCCUU,MIMAT0019201
hsa-miR-3127-5p,UCAGGG,MIMAT0014990
hsa-miR-3128,CUGGCA,MIMAT0014991
hsa-miR-3129-3p,AACUAA,MIMAT0019202
hsa-miR-3129-5p,CAGUAG,MIMAT0014992
hsa-miR-3130-3p,CUGCAC,MIMAT0014994
hsa-miR-3130-5p,ACCCAG,MIMAT0014995
hsa-miR-3131,CGAGGA,MIMAT0014996
hsa-miR-3132,GGGUAG,MIMAT0014997
hsa-miR-3133,AAAGAA,MIMAT0014998
hsa-miR-3134,GAUGGA,MIMAT0015000
hsa-miR-3135a,GCCUAG,MIMAT0015001
hsa-miR-3135b,GCUGGA,MIMAT0018985
hsa-miR-3136-3p,GGCCCA,MIMAT0019203
hsa-miR-3136-5p,UGACUG,MIMAT0015003
hsa-miR-3137,CUGUAG,MIMAT0015005
hsa-miR-3138,GUGGAC,MIMAT0015006
hsa-miR-3139,AGGAGC,MIMAT0015007
hsa-miR-31-3p,GCUAUG,MIMAT0004504
hsa-miR-3140-3p,GCUUUU,MIMAT0015008
hsa-miR-3140-5p,CCUGAA,MIMAT0019204
hsa-miR-3141,AGGGCG,MIMAT0015010
hsa-miR-3142,AGGCCU,MIMAT0015011
hsa-miR-3143,UAACAU,MIMAT0015012
hsa-miR-3144-3p,UAUACC,MIMAT0015015
hsa-miR-3144-5p,GGGGAC,MIMAT0015014
hsa-miR-3145-3p,GAUAUU,MIMAT0015016
hsa-miR-3145-5p,ACUCCA,MIMAT0019205
hsa-miR-3146,AUGCUA,MIMAT0015018
hsa-miR-3147,GUUGGG,MIMAT0015019
hsa-miR-3148,GGAAAA,MIMAT0015021
hsa-miR-3149,UUGUAU,MIMAT0015022
hsa-miR-3150a-3p,UGGGGA,MIMAT0015023
hsa-miR-3150a-5p,AACCUC,MIMAT0019206
hsa-miR-3150b-3p,GAGGAG,MIMAT0018194
hsa-miR-3150b-5p,AACCUC,MIMAT0019226
hsa-miR-3151-3p,CUGAUC,MIMAT0027026
hsa-miR-3151-5p,GUGGGG,MIMAT0015024
hsa-miR-3152-3p,GUGUUA,MIMAT0015025
hsa-miR-3152-5p,UUGCCU,MIMAT0019207
hsa-miR-3153,GGGAAA,MIMAT0015026
hsa-miR-3154,AGAAGG,MIMAT0015028
hsa-miR-3155a,CAGGCU,MIMAT0015029
hsa-miR-3155b,CAGGCU,MIMAT0019012
hsa-miR-3156-3p,UCCCAC,MIMAT0019209
hsa-miR-3156-5p,AAGAUC,MIMAT0015030
hsa-miR-3157-3p,UGCCCU,MIMAT0019210
hsa-miR-3157-5p,UCAGCC,MIMAT0015031
hsa-miR-3158-3p,AGGGCU,MIMAT0015032
hsa-miR-3158-5p,CUGCAG,MIMAT0019211
hsa-miR-3159,AGGAUU,MIMAT0015033
hsa-miR-31-5p,GGCAAG,MIMAT0000089
hsa-miR-3160-3p,GAGCUG,MIMAT0015034
hsa-miR-3160-5p,GCUUUC,MIMAT0019212
hsa-miR-3161,UGAUAA,MIMAT0015035
hsa-miR-3162-3p,CCCUAC,MIMAT0019213
hsa-miR-3162-5p,UAGGGA,MIMAT0015036
hsa-miR-3163,AUAAAA,MIMAT0015037
hsa-miR-3164,GUGACU,MIMAT0015038
hsa-miR-3165,GGUGGA,MIMAT0015039
hsa-miR-3166,GCAGAC,MIMAT0015040
hsa-miR-3167,GGAUUU,MIMAT0015042
hsa-miR-3168,AGUUCU,MIMAT0015043
hsa-miR-3169,AGGACU,MIMAT0015044
hsa-miR-3170,UGGGGU,MIMAT0015045
hsa-miR-3171,GAUGUA,MIMAT0015046
hsa-miR-3173-3p,AAGGAG,MIMAT0015048
hsa-miR-3173-5p,GCCCUG,MIMAT0019214
hsa-miR-3174,AGUGAG,MIMAT0015051
hsa-miR-3175,GGGGAG,MIMAT0015052
hsa-miR-3176,CUGGCC,MIMAT0015053
hsa-miR-3177-3p,GCACGG,MIMAT0015054
hsa-miR-3177-5p,GUGUAC,MIMAT0019215
hsa-miR-3178,GGGCGC,MIMAT0015055
hsa-miR-3179,GAAGGG,MIMAT0015056
hsa-miR-3180,GGGGCG,MIMAT0018178
hsa-miR-3180-3p,GGGGCG,MIMAT0015058
hsa-miR-3180-5p,UUCCAG,MIMAT0015057
hsa-miR-3181,UCGGGC,MIMAT0015061
hsa-miR-3182,CUUCUG,MIMAT0015062
hsa-miR-3183,CCUCUC,MIMAT0015063
hsa-miR-3184-3p,AAGUCU,MIMAT0022731
hsa-miR-3184-5p,GAGGGG,MIMAT0015064
hsa-miR-3185,GAAGAA,MIMAT0015065
hsa-miR-3186-3p,CACGCG,MIMAT0015068
hsa-miR-3186-5p,AGGCGU,MIMAT0015067
hsa-miR-3187-3p,UGGCCA,MIMAT0015069
hsa-miR-3187-5p,CUGGGC,MIMAT0019216
hsa-miR-3188,GAGGCU,MIMAT0015070
hsa-miR-3189-3p,CCUUGG,MIMAT0015071
hsa-miR-3189-5p,GCCCCA,MIMAT0019217
hsa-miR-3190-3p,GUGGAA,MIMAT0022839
hsa-miR-3190-5p,CUGGCC,MIMAT0015073
hsa-miR-3191-3p,GGGGAC,MIMAT0015075
hsa-miR-3191-5p,UCUCUG,MIMAT0022732
hsa-miR-3192-3p,UCUGAU,MIMAT0027027
hsa-miR-3192-5p,CUGGGA,MIMAT0015076
hsa-miR-3193,CCUGCG,MIMAT0015077
hsa-miR-3194-3p,GCUCUG,MIMAT0019218
hsa-miR-3194-5p,GCCAGC,MIMAT0015078
hsa-miR-3195,GCGCCG,MIMAT0015079
hsa-miR-3196,GGGGCG,MIMAT0015080
hsa-miR-3197,GAGGCG,MIMAT0015082
hsa-miR-3198,UGGAGU,MIMAT0015083
hsa-miR-3199,GGGACU,MIMAT0015084
hsa-miR-3200-3p,ACCUUG,MIMAT0015085
hsa-miR-3200-5p,AUCUGA,MIMAT0017392
hsa-miR-3201,GGAUAU,MIMAT0015086
hsa-miR-3202,GGAAGG,MIMAT0015089
hsa-miR-320a,AAAGCU,MIMAT0000510
hsa-miR-320b,AAAGCU,MIMAT0005792
hsa-miR-320c,AAAGCU,MIMAT0005793
hsa-miR-320d,AAAGCU,MIMAT0006764
hsa-miR-320e,AAGCUG,MIMAT0015072
hsa-miR-323a-3p,ACAUUA,MIMAT0000755
hsa-miR-323a-5p,GGUGGU,MIMAT0004696
hsa-miR-323b-3p,CCAAUA,MIMAT0015050
hsa-miR-323b-5p,GGUUGU,MIMAT0001630
hsa-miR-32-3p,AAUUUA,MIMAT0004505
hsa-miR-324-3p,CUGCCC,MIMAT0000762
hsa-miR-324-5p,GCAUCC,MIMAT0000761
hsa-miR-325,CUAGUA,MIMAT0000771
hsa-miR-32-5p,AUUGCA,MIMAT0000090
hsa-miR-326,CUCUGG,MIMAT0000756
hsa-miR-328-3p,UGGCCC,MIMAT0000752
hsa-miR-328-5p,GGGGGG,MIMAT0026486
hsa-miR-329-3p,ACACAC,MIMAT0001629
hsa-miR-329-5p,AGGUUU,MIMAT0026555
hsa-miR-330-3p,CAAAGC,MIMAT0000751
hsa-miR-330-5p,CUCUGG,MIMAT0004693
hsa-miR-331-3p,CCCCUG,MIMAT0000760
hsa-miR-331-5p,UAGGUA,MIMAT0004700
hsa-miR-335-3p,UUUUCA,MIMAT0004703
hsa-miR-335-5p,CAAGAG,MIMAT0000765
hsa-miR-337-3p,UCCUAU,MIMAT0000754
hsa-miR-337-5p,AACGGC,MIMAT0004695
hsa-miR-338-3p,CCAGCA,MIMAT0000763
hsa-miR-338-5p,ACAAUA,MIMAT0004701
hsa-miR-339-3p,GAGCGC,MIMAT0004702
hsa-miR-339-5p,CCCUGU,MIMAT0000764
hsa-miR-33a-3p,AAUGUU,MIMAT0004506
hsa-miR-33a-5p,UGCAUU,MIMAT0000091
hsa-miR-33b-3p,AGUGCC,MIMAT0004811
hsa-miR-33b-5p,UGCAUU,MIMAT0003301
hsa-miR-340-3p,CCGUCU,MIMAT0000750
hsa-miR-340-5p,UAUAAA,MIMAT0004692
hsa-miR-342-3p,CUCACA,MIMAT0000753
hsa-miR-342-5p,GGGGUG,MIMAT0004694
hsa-miR-345-3p,CCCUGA,MIMAT0022698
hsa-miR-345-5p,CUGACU,MIMAT0000772
hsa-miR-346,GUCUGC,MIMAT0000773
hsa-miR-34a-3p,AAUCAG,MIMAT0004557
hsa-miR-34a-5p,GGCAGU,MIMAT0000255
hsa-miR-34b-3p,AAUCAC,MIMAT0004676
hsa-miR-34b-5p,AGGCAG,MIMAT0000685
hsa-miR-34c-3p,AUCACU,MIMAT0004677
hsa-miR-34c-5p,GGCAGU,MIMAT0000686
hsa-miR-3529-3p,ACAACA,MIMAT0022741
hsa-miR-3529-5p,GGUAGA,MIMAT0019828
hsa-miR-3591-3p,AACACC,MIMAT0019877
hsa-miR-3591-5p,UUAGUG,MIMAT0019876
hsa-miR-3605-3p,CUCCGU,MIMAT0017982
hsa-miR-3605-5p,GAGGAU,MIMAT0017981
hsa-miR-3606-3p,AAAUUU,MIMAT0022965
hsa-miR-3606-5p,UAGUGA,MIMAT0017983
hsa-miR-3607-3p,CUGUAA,MIMAT0017985
hsa-miR-3607-5p,CAUGUG,MIMAT0017984
hsa-miR-3609,AAAGUG,MIMAT0017986
hsa-miR-3610,AAUCGG,MIMAT0017987
hsa-miR-3611,UGUGAA,MIMAT0017988
hsa-miR-3612,GGAGGC,MIMAT0017989
hsa-miR-3613-3p,CAAAAA,MIMAT0017991
hsa-miR-3613-5p,GUUGUA,MIMAT0017990
hsa-miR-361-3p,CCCCCA,MIMAT0004682
hsa-miR-3614-3p,AGCCUU,MIMAT0017993
hsa-miR-3614-5p,CACUUG,MIMAT0017992
hsa-miR-3615,CUCUCG,MIMAT0017994
hsa-miR-361-5p,UAUCAG,MIMAT0000703
hsa-miR-3616-3p,GAGGGC,MIMAT0017996
hsa-miR-3616-5p,UGAAGU,MIMAT0017995
hsa-miR-3617-3p,AUCAGC,MIMAT0022966
hsa-miR-3617-5p,AAGACA,MIMAT0017997
hsa-miR-3618,GUCUAC,MIMAT0017998
hsa-miR-3619-3p,GGACCA,MIMAT0019219
hsa-miR-3619-5p,CAGCAG,MIMAT0017999
hsa-miR-3620-3p,CACCCU,MIMAT0018001
hsa-miR-3620-5p,UGGGCU,MIMAT0022967
hsa-miR-3621,GCGGGU,MIMAT0018002
hsa-miR-3622a-3p,CACCUG,MIMAT0018004
hsa-miR-3622a-5p,AGGCAC,MIMAT0018003
hsa-miR-3622b-3p,CACCUG,MIMAT0018006
hsa-miR-3622b-5p,GGCAUG,MIMAT0018005
hsa-miR-362-3p,ACACAC,MIMAT0004683
hsa-miR-362-5p,AUCCUU,MIMAT0000705
hsa-miR-363-3p,AUUGCA,MIMAT0000707
hsa-miR-363-5p,GGGUGG,MIMAT0003385
hsa-miR-3646,AAAUGA,MIMAT0018065
hsa-miR-3648,GCCGCG,MIMAT0018068
hsa-miR-3649,GGGACC,MIMAT0018069
hsa-miR-3650,GGUGUG,MIMAT0018070
hsa-miR-3651,AUAGCC,MIMAT0018071
hsa-miR-3652,GGCUGG,MIMAT0018072
hsa-miR-3653-3p,UAAGAA,MIMAT0018073
hsa-miR-3653-5p,CUCCUG,MIMAT0032110
hsa-miR-3654,ACUGGA,MIMAT0018074
hsa-miR-3655,CUUGUC,MIMAT0018075
hsa-miR-3656,GCGGGU,MIMAT0018076
hsa-miR-3657,GUGUCC,MIMAT0018077
hsa-miR-3658,UUAAGA,MIMAT0018078
hsa-miR-3659,GAGUGU,MIMAT0018080
hsa-miR-365a-3p,AAUGCC,MIMAT0000710
hsa-miR-365a-5p,GGGACU,MIMAT0009199
hsa-miR-365b-3p,AAUGCC,MIMAT0022834
hsa-miR-365b-5p,GGGACU,MIMAT0022833
hsa-miR-3660,CUGACA,MIMAT0018081
hsa-miR-3661,GACCUG,MIMAT0018082
hsa-miR-3662,AAAAUG,MIMAT0018083
hsa-miR-3663-3p,GAGCAC,MIMAT0018085
hsa-miR-3663-5p,CUGGUC,MIMAT0018084
hsa-miR-3664-3p,CUCAGG,MIMAT0019220
hsa-miR-3664-5p,ACUCUG,MIMAT0018086
hsa-miR-3665,GCAGGU,MIMAT0018087
hsa-miR-3666,AGUGCA,MIMAT0018088
hsa-miR-3667-3p,CCUUCC,MIMAT0018090
hsa-miR-3667-5p,AAGACC,MIMAT0018089
hsa-miR-3668,AUGUAG,MIMAT0018091
hsa-miR-3670,GAGCUC,MIMAT0018093
hsa-miR-3671,UCAAAU,MIMAT0018094
hsa-miR-3672,UGAGAC,MIMAT0018095
hsa-miR-367-3p,AUUGCA,MIMAT0000719
hsa-miR-3674,UUGUAG,MIMAT0018097
hsa-miR-3675-3p,AUCUCU,MIMAT0018099
hsa-miR-3675-5p,AUGGGG,MIMAT0018098
hsa-miR-367-5p,CUGUUG,MIMAT0004686
hsa-miR-3677-3p,UCGUGG,MIMAT0018101
hsa-miR-3677-5p,AGUGGC,MIMAT0019221
hsa-miR-3678-3p,UGCAGA,MIMAT0018103
hsa-miR-3678-5p,CCGUAC,MIMAT0018102
hsa-miR-3679-3p,UUCCCC,MIMAT0018105
hsa-miR-3679-5p,GAGGAU,MIMAT0018104
hsa-miR-3680-3p,UUUGCA,MIMAT0018107
hsa-miR-3680-5p,ACUCAC,MIMAT0018106
hsa-miR-3681-3p,CACAGU,MIMAT0018109
hsa-miR-3681-5p,AGUGGA,MIMAT0018108
hsa-miR-3682-3p,GAUGAU,MIMAT0018110
hsa-miR-3682-5p,UACUUC,MIMAT0019222
hsa-miR-3683,GCGACA,MIMAT0018111
hsa-miR-3684,UAGACC,MIMAT0018112
hsa-miR-3685,UUCCUA,MIMAT0018113
hsa-miR-3686,UCUGUA,MIMAT0018114
hsa-miR-3687,CCGGAC,MIMAT0018115
hsa-miR-3688-3p,AUGGAA,MIMAT0018116
hsa-miR-3688-5p,GUGGCA,MIMAT0019223
hsa-miR-3689a-3p,UGGGAG,MIMAT0018118
hsa-miR-3689a-5p,GUGAUA,MIMAT0018117
hsa-miR-3689b-3p,UGGGAG,MIMAT0018181
hsa-miR-3689b-5p,GUGAUA,MIMAT0018180
hsa-miR-3689c,UGGGAG,MIMAT0019007
hsa-miR-3689d,GGAGGU,MIMAT0019008
hsa-miR-3689e,GUGAUA,MIMAT0019009
hsa-miR-3689f,GUGAUA,MIMAT0019010
hsa-miR-3690,CCUGGA,MIMAT0018119
hsa-miR-3691-3p,CCAAGU,MIMAT0019224
hsa-miR-3691-5p,GUGGAU,MIMAT0018120
hsa-miR-3692-3p,UUCCAC,MIMAT0018122
hsa-miR-3692-5p,CUGCUG,MIMAT0018121
hsa-miR-369-3p,AUAAUA,MIMAT0000721
hsa-miR-369-5p,GAUCGA,MIMAT0001621
hsa-miR-370-3p,CCUGCU,MIMAT0000722
hsa-miR-370-5p,AGGUCA,MIMAT0026483
hsa-miR-3713,GUAUCC,MIMAT0018164
hsa-miR-3714,AAGGCA,MIMAT0018165
hsa-miR-371a-3p,AGUGCC,MIMAT0000723
hsa-miR-371a-5p,CUCAAA,MIMAT0004687
hsa-miR-371b-3p,AGUGCC,MIMAT0019893
hsa-miR-371b-5p,CUCAAA,MIMAT0019892
hsa-miR-372-3p,AAGUGC,MIMAT0000724
hsa-miR-372-5p,CUCAAA,MIMAT0026484
hsa-miR-373-3p,AAGUGC,MIMAT0000726
hsa-miR-373-5p,CUCAAA,MIMAT0000725
hsa-miR-374a-3p,UUAUCA,MIMAT0004688
hsa-miR-374a-5p,UAUAAU,MIMAT0000727
hsa-miR-374b-3p,UUAGCA,MIMAT0004956
hsa-miR-374b-5p,UAUAAU,MIMAT0004955
hsa-miR-374c-3p,ACUUAG,MIMAT0022735
hsa-miR-374c-5p,UAAUAC,MIMAT0018443
hsa-miR-375,UUGUUC,MIMAT0000728
hsa-miR-376a-2-5p,GUAGAU,MIMAT0022928
hsa-miR-376a-3p,UCAUAG,MIMAT0000729
hsa-miR-376a-5p,UAGAUU,MIMAT0003386
hsa-miR-376b-3p,UCAUAG,MIMAT0002172
hsa-miR-376b-5p,GUGGAU,MIMAT0022923
hsa-miR-376c-3p,ACAUAG,MIMAT0000720
hsa-miR-376c-5p,GUGGAU,MIMAT0022861
hsa-miR-377-3p,UCACAC,MIMAT0000730
hsa-miR-377-5p,GAGGUU,MIMAT0004689
hsa-miR-378a-3p,CUGGAC,MIMAT0000732
hsa-miR-378a-5p,UCCUGA,MIMAT0000731
hsa-miR-378b,CUGGAC,MIMAT0014999
hsa-miR-378c,CUGGAC,MIMAT0016847
hsa-miR-378d,CUGGAC,MIMAT0018926
hsa-miR-378e,CUGGAC,MIMAT0018927
hsa-miR-378f,CUGGAC,MIMAT0018932
hsa-miR-378g,CUGGGC,MIMAT0018937
hsa-miR-378h,CUGGAC,MIMAT0018984
hsa-miR-378i,CUGGAC,MIMAT0019074
hsa-miR-378j,CUGGAU,MIMAT0024612
hsa-miR-379-3p,AUGUAA,MIMAT0004690
hsa-miR-379-5p,GGUAGA,MIMAT0000733
hsa-miR-380-3p,AUGUAA,MIMAT0000735
hsa-miR-380-5p,GGUUGA,MIMAT0000734
hsa-miR-381-3p,AUACAA,MIMAT0000736
hsa-miR-381-5p,GCGAGG,MIMAT0022862
hsa-miR-382-3p,AUCAUU,MIMAT0022697
hsa-miR-382-5p,AAGUUG,MIMAT0000737
hsa-miR-383-3p,CAGCAC,MIMAT0026485
hsa-miR-383-5p,GAUCAG,MIMAT0000738
hsa-miR-384,UUCCUA,MIMAT0001075
hsa-miR-3907,GGUGCU,MIMAT0018179
hsa-miR-3908,AGCAAU,MIMAT0018182
hsa-miR-3909,GUCCUC,MIMAT0018183
hsa-miR-3910,AAGGCA,MIMAT0018184
hsa-miR-3911,GUGUGG,MIMAT0018185
hsa-miR-3912-3p,AACGCA,MIMAT0018186
hsa-miR-3912-5p,UGUCCA,MIMAT0027036
hsa-miR-3913-3p,GACAUC,MIMAT0019225
hsa-miR-3913-5p,UUGGGA,MIMAT0018187
hsa-miR-3914,AGGAAC,MIMAT0018188
hsa-miR-3915,UGAGGA,MIMAT0018189
hsa-miR-3916,AGAGGA,MIMAT0018190
hsa-miR-3917,CUCGGA,MIMAT0018191
hsa-miR-3918,CAGGGC,MIMAT0018192
hsa-miR-3919,CAGAGA,MIMAT0018193
hsa-miR-3920,CUGAUU,MIMAT0018195
hsa-miR-3921,CUCUGA,MIMAT0018196
hsa-miR-3922-3p,CUGGCC,MIMAT0018197
hsa-miR-3922-5p,CAAGGC,MIMAT0019227
hsa-miR-3923,ACUAGU,MIMAT0018198
hsa-miR-3924,UAUGUA,MIMAT0018199
hsa-miR-3925-3p,CUCCAG,MIMAT0019228
hsa-miR-3925-5p,AGAGAA,MIMAT0018200
hsa-miR-3926,GGCCAA,MIMAT0018201
hsa-miR-3927-3p,AGGUAG,MIMAT0018202
hsa-miR-3927-5p,CCUAUC,MIMAT0022970
hsa-miR-3928-3p,GAGGAA,MIMAT0018205
hsa-miR-3928-5p,GAAGCU,MIMAT0027037
hsa-miR-3929,AGGCUG,MIMAT0018206
hsa-miR-3934-3p,GCUCAG,MIMAT0022975
hsa-miR-3934-5p,CAGGUG,MIMAT0018349
hsa-miR-3935,GUAGAU,MIMAT0018350
hsa-miR-3936,AAGGGG,MIMAT0018351
hsa-miR-3937,CAGGCG,MIMAT0018352
hsa-miR-3938,AUUCCC,MIMAT0018353
hsa-miR-3939,ACGCGC,MIMAT0018355
hsa-miR-3940-3p,AGCCCG,MIMAT0018356
hsa-miR-3940-5p,UGGGUU,MIMAT0019229
hsa-miR-3941,UACACA,MIMAT0018357
hsa-miR-3942-3p,UUCAGA,MIMAT0019230
hsa-miR-3942-5p,AGCAAU,MIMAT0018358
hsa-miR-3943,AGCCCC,MIMAT0018359
hsa-miR-3944-3p,UCGGGC,MIMAT0018360
hsa-miR-3944-5p,GUGCAG,MIMAT0019231
hsa-miR-3945,GGGCAU,MIMAT0018361
hsa-miR-3960,GCGGCG,MIMAT0019337
hsa-miR-3972,UGCCAG,MIMAT0019357
hsa-miR-3973,CAAAGU,MIMAT0019358
hsa-miR-3974,AAGGUC,MIMAT0019359
hsa-miR-3975,GAGGCU,MIMAT0019360
hsa-miR-3976,AUAGAG,MIMAT0019361
hsa-miR-3977,UGCUUC,MIMAT0019362
hsa-miR-3978,UGGAAA,MIMAT0019363
hsa-miR-409-3p,AAUGUU,MIMAT0001639
hsa-miR-409-5p,GGUUAC,MIMAT0001638
hsa-miR-410-3p,AUAUAA,MIMAT0002171
hsa-miR-410-5p,GGUUGU,MIMAT0026558
hsa-miR-411-3p,AUGUAA,MIMAT0004813
hsa-miR-411-5p,AGUAGA,MIMAT0003329
hsa-miR-412-3p,CUUCAC,MIMAT0002170
hsa-miR-412-5p,GGUCGA,MIMAT0026557
hsa-miR-421,UCAACA,MIMAT0003339
hsa-miR-422a,CUGGAC,MIMAT0001339
hsa-miR-423-3p,GCUCGG,MIMAT0001340
hsa-miR-423-5p,GAGGGG,MIMAT0004748
hsa-miR-424-3p,AAAACG,MIMAT0004749
hsa-miR-424-5p,AGCAGC,MIMAT0001341
hsa-miR-4251,CUGAGA,MIMAT0016883
hsa-miR-4252,GCCACU,MIMAT0016886
hsa-miR-4253,GGGCAU,MIMAT0016882
hsa-miR-425-3p,UCGGGA,MIMAT0001343
hsa-miR-4254,CCUGGA,MIMAT0016884
hsa-miR-4255,AGUGUU,MIMAT0016885
hsa-miR-425-5p,AUGACA,MIMAT0003393
hsa-miR-4256,UCUGAC,MIMAT0016877
hsa-miR-4257,CAGAGG,MIMAT0016878
hsa-miR-4258,CCCGCC,MIMAT0016879
hsa-miR-4259,AGUUGG,MIMAT0016880
hsa-miR-4260,UUGGGG,MIMAT0016881
hsa-miR-4261,GGAAAC,MIMAT0016890
hsa-miR-4262,ACAUUC,MIMAT0016894
hsa-miR-4263,UUCUAA,MIMAT0016898
hsa-miR-4264,CUCAGU,MIMAT0016899
hsa-miR-4265,UGUGGG,MIMAT0016891
hsa-miR-4266,UAGGAG,MIMAT0016892
hsa-miR-4267,CCAGCU,MIMAT0016893
hsa-miR-4268,GCUCCU,MIMAT0016896
hsa-miR-4269,CAGGCA,MIMAT0016897
hsa-miR-4270,CAGGGA,MIMAT0016900
hsa-miR-4271,GGGGAA,MIMAT0016901
hsa-miR-4272,AUUCAA,MIMAT0016902
hsa-miR-4273,UGUUCU,MIMAT0016903
hsa-miR-4274,AGCAGU,MIMAT0016906
hsa-miR-4275,CAAUUA,MIMAT0016905
hsa-miR-4276,UCAGUG,MIMAT0016904
hsa-miR-4277,CAGUUC,MIMAT0016908
hsa-miR-4278,UAGGGG,MIMAT0016910
hsa-miR-4279,UCUCCU,MIMAT0016909
hsa-miR-4280,AGUGUA,MIMAT0016911
hsa-miR-4281,GGUCCC,MIMAT0016907
hsa-miR-4282,AAAAUU,MIMAT0016912
hsa-miR-4283,GGGGCU,MIMAT0016914
hsa-miR-4284,GGCUCA,MIMAT0016915
hsa-miR-4285,CGGCGA,MIMAT0016913
hsa-miR-4286,CCCCAC,MIMAT0016916
hsa-miR-4287,CUCCCU,MIMAT0016917
hsa-miR-4288,UGUCUG,MIMAT0016918
hsa-miR-4289,CAUUGU,MIMAT0016920
hsa-miR-429,AAUACU,MIMAT0001536
hsa-miR-4290,GCCCUC,MIMAT0016921
hsa-miR-4291,UCAGCA,MIMAT0016922
hsa-miR-4292,CCCUGG,MIMAT0016919
hsa-miR-4293,AGCCUG,MIMAT0016848
hsa-miR-4294,GGAGUC,MIMAT0016849
hsa-miR-4295,AGUGCA,MIMAT0016844
hsa-miR-4296,UGUGGG,MIMAT0016845
hsa-miR-4297,GCCUUC,MIMAT0016846
hsa-miR-4298,UGGGAC,MIMAT0016852
hsa-miR-4299,CUGGUG,MIMAT0016851
hsa-miR-4300,GGGAGC,MIMAT0016853
hsa-miR-4301,CCCACU,MIMAT0016850
hsa-miR-4302,CAGUGU,MIMAT0016855
hsa-miR-4303,UCUGAG,MIMAT0016856
hsa-miR-4304,CGGCAU,MIMAT0016854
hsa-miR-4305,CUAGAC,MIMAT0016857
hsa-miR-4306,GGAGAG,MIMAT0016858
hsa-miR-4307,AUGUUU,MIMAT0016860
hsa-miR-4308,CCCUGG,MIMAT0016861
hsa-miR-4309,UGGAGU,MIMAT0016859
hsa-miR-4310,CAGCAU,MIMAT0016862
hsa-miR-4311,AAAGAG,MIMAT0016863
hsa-miR-4312,GCCUUG,MIMAT0016864
hsa-miR-4313,GCCCCC,MIMAT0016865
hsa-miR-431-3p,AGGUCG,MIMAT0004757
hsa-miR-4314,UCUGGG,MIMAT0016868
hsa-miR-4315,CGCUUU,MIMAT0016866
hsa-miR-431-5p,GUCUUG,MIMAT0001625
hsa-miR-4316,GUGAGG,MIMAT0016867
hsa-miR-4317,CAUUGC,MIMAT0016872
hsa-miR-4318,ACUGUG,MIMAT0016869
hsa-miR-4319,CCCUGA,MIMAT0016870
hsa-miR-4320,GGAUUC,MIMAT0016871
hsa-miR-4321,UAGCGG,MIMAT0016874
hsa-miR-4322,UGUGGG,MIMAT0016873
hsa-miR-4323,AGCCCC,MIMAT0016875
hsa-miR-432-3p,UGGAUG,MIMAT0002815
hsa-miR-4324,CCUGAG,MIMAT0016876
hsa-miR-4325,UGCACU,MIMAT0016887
hsa-miR-432-5p,CUUGGA,MIMAT0002814
hsa-miR-4326,GUUCCU,MIMAT0016888
hsa-miR-4327,GCUUGC,MIMAT0016889
hsa-miR-4328,CAGUUU,MIMAT0016926
hsa-miR-4329,CUGAGA,MIMAT0016923
hsa-miR-4330,CUCAGA,MIMAT0016924
hsa-miR-433-3p,UCAUGA,MIMAT0001627
hsa-miR-433-5p,ACGGUG,MIMAT0026554
hsa-miR-4417,GUGGGC,MIMAT0018929
hsa-miR-4418,ACUGCA,MIMAT0018930
hsa-miR-4419a,GAGGGA,MIMAT0018931
hsa-miR-4419b,AGGCUG,MIMAT0019034
hsa-miR-4420,UCACUG,MIMAT0018933
hsa-miR-4421,CCUGUC,MIMAT0018934
hsa-miR-4422,AAAGCA,MIMAT0018935
hsa-miR-4423-3p,UAGGCA,MIMAT0018936
hsa-miR-4423-5p,GUUGCC,MIMAT0019232
hsa-miR-4424,GAGUUA,MIMAT0018939
hsa-miR-4425,GUUGGG,MIMAT0018940
hsa-miR-4426,AAGAUG,MIMAT0018941
hsa-miR-4427,CUGAAU,MIMAT0018942
hsa-miR-4428,AAGGAG,MIMAT0018943
hsa-miR-4429,AAAGCU,MIMAT0018944
hsa-miR-4430,GGCUGG,MIMAT0018945
hsa-miR-4431,CGACUC,MIMAT0018947
hsa-miR-4432,AAGACU,MIMAT0018948
hsa-miR-4433a-3p,CAGGAG,MIMAT0018949
hsa-miR-4433a-5p,GUCCCA,MIMAT0020956
hsa-miR-4433b-3p,AGGAGU,MIMAT0030414
hsa-miR-4433b-5p,UGUCCC,MIMAT0030413
hsa-miR-4434,GGAGAA,MIMAT0018950
hsa-miR-4435,UGGCCA,MIMAT0018951
hsa-miR-4436a,CAGGAC,MIMAT0018952
hsa-miR-4436b-3p,AGGGCA,MIMAT0019941
hsa-miR-4436b-5p,UCCACU,MIMAT0019940
hsa-miR-4437,GGGCUC,MIMAT0018953
hsa-miR-4438,ACAGGC,MIMAT0018956
hsa-miR-4439,UGACUG,MIMAT0018957
hsa-miR-4440,GUCGUG,MIMAT0018958
hsa-miR-4441,CAGGGA,MIMAT0018959
hsa-miR-4442,CCGGAC,MIMAT0018960
hsa-miR-4443,UGGAGG,MIMAT0018961
hsa-miR-4444,UCGAGU,MIMAT0018962
hsa-miR-4445-3p,ACGGCA,MIMAT0018964
hsa-miR-4445-5p,GAUUGU,MIMAT0018963
hsa-miR-4446-3p,AGGGCU,MIMAT0018965
hsa-miR-4446-5p,UUUCCC,MIMAT0019233
hsa-miR-4447,GUGGGG,MIMAT0018966
hsa-miR-4448,GCUCCU,MIMAT0018967
hsa-miR-4449,GUCCCG,MIMAT0018968
hsa-miR-4450,GGGGAU,MIMAT0018971
hsa-miR-4451,GGUAGA,MIMAT0018973
hsa-miR-4452,UGAAUU,MIMAT0018974
hsa-miR-4453,AGCUUG,MIMAT0018975
hsa-miR-4454,GAUCCG,MIMAT0018976
hsa-miR-4455,GGGUGU,MIMAT0018977
hsa-miR-4456,CUGGUG,MIMAT0018978
hsa-miR-4457,CACAAG,MIMAT0018979
hsa-miR-4458,GAGGUA,MIMAT0018980
hsa-miR-4459,CAGGAG,MIMAT0018981
hsa-miR-4460,UAGUGG,MIMAT0018982
hsa-miR-4461,AUUGAG,MIMAT0018983
hsa-miR-4462,GACACG,MIMAT0018986
hsa-miR-4463,AGACUG,MIMAT0018987
hsa-miR-4464,AGGUUU,MIMAT0018988
hsa-miR-4465,UCAAGU,MIMAT0018992
hsa-miR-4466,GGUGCG,MIMAT0018993
hsa-miR-4467,GGCGGC,MIMAT0018994
hsa-miR-4468,GAGCAG,MIMAT0018995
hsa-miR-4469,CUCCCU,MIMAT0018996
hsa-miR-4470,GGCAAA,MIMAT0018997
hsa-miR-4471,GGGAAC,MIMAT0018998
hsa-miR-4472,GUGGGG,MIMAT0018999
hsa-miR-4473,UAGUGC,MIMAT0019000
hsa-miR-4474-3p,UGUGGC,MIMAT0019001
hsa-miR-4474-5p,UAGUCU,MIMAT0019234
hsa-miR-4475,AAGGGA,MIMAT0019002
hsa-miR-4476,AGGAAG,MIMAT0019003
hsa-miR-4477a,UAUUAA,MIMAT0019004
hsa-miR-4477b,UUAAGG,MIMAT0019005
hsa-miR-4478,AGGCUG,MIMAT0019006
hsa-miR-4479,GCGCGG,MIMAT0019011
hsa-miR-448,UGCAUA,MIMAT0001532
hsa-miR-4480,GCCAAG,MIMAT0019014
hsa-miR-4481,GAGUGG,MIMAT0019015
hsa-miR-4482-3p,UUCUAU,MIMAT0020958
hsa-miR-4482-5p,ACCCAG,MIMAT0019016
hsa-miR-4483,GGGUGG,MIMAT0019017
hsa-miR-4484,AAAGGC,MIMAT0019018
hsa-miR-4485-3p,AACGGC,MIMAT0019019
hsa-miR-4485-5p,CCGCCU,MIMAT0032116
hsa-miR-4486,CUGGGC,MIMAT0019020
hsa-miR-4487,GAGCUG,MIMAT0019021
hsa-miR-4488,GGGGGC,MIMAT0019022
hsa-miR-4489,GGGGCU,MIMAT0019023
hsa-miR-4490,CUGGUA,MIMAT0019025
hsa-miR-4491,AUGUGG,MIMAT0019026
hsa-miR-4492,GGGCUG,MIMAT0019027
hsa-miR-4493,GAAGGC,MIMAT0019028
hsa-miR-4494,CAGACU,MIMAT0019029
hsa-miR-4495,AUGUAA,MIMAT0019030
hsa-miR-4496,AGGAAA,MIMAT0019031
hsa-miR-4497,UCCGGG,MIMAT0019032
hsa-miR-4498,GGGCUG,MIMAT0019033
hsa-miR-4499,AGACUG,MIMAT0019035
hsa-miR-449a,GGCAGU,MIMAT0001541
hsa-miR-449b-3p,AGCCAC,MIMAT0009203
hsa-miR-449b-5p,GGCAGU,MIMAT0003327
hsa-miR-449c-3p,UGCUAG,MIMAT0013771
hsa-miR-449c-5p,AGGCAG,MIMAT0010251
hsa-miR-4500,GAGGUA,MIMAT0019036
hsa-miR-4501,AUGUGA,MIMAT0019037
hsa-miR-4502,CUGAUG,MIMAT0019038
hsa-miR-4503,UUAAGC,MIMAT0019039
hsa-miR-4504,GUGACA,MIMAT0019040
hsa-miR-4505,GGCUGG,MIMAT0019041
hsa-miR-4506,AAUGGG,MIMAT0019042
hsa-miR-4507,UGGGUU,MIMAT0019044
hsa-miR-4508,CGGGGC,MIMAT0019045
hsa-miR-4509,CUAAAG,MIMAT0019046
hsa-miR-450a-1-3p,UUGGGA,MIMAT0022700
hsa-miR-450a-2-3p,UUGGGG,MIMAT0031074
hsa-miR-450a-5p,UUUGCG,MIMAT0001545
hsa-miR-450b-3p,UGGGAU,MIMAT0004910
hsa-miR-450b-5p,UUUGCA,MIMAT0004909
hsa-miR-4510,GAGGGA,MIMAT0019047
hsa-miR-4511,AAGAAC,MIMAT0019048
hsa-miR-4512,AGGGCC,MIMAT0019049
hsa-miR-4513,GACUGA,MIMAT0019050
hsa-miR-4514,CAGGCA,MIMAT0019051
hsa-miR-4515,GGACUG,MIMAT0019052
hsa-miR-4516,GGAGAA,MIMAT0019053
hsa-miR-4517,AAUAUG,MIMAT0019054
hsa-miR-4518,CUCAGG,MIMAT0019055
hsa-miR-4519,AGCAGU,MIMAT0019056
hsa-miR-451a,AACCGU,MIMAT0001631
hsa-miR-451b,AGCAAG,MIMAT0019840
hsa-miR-4520-2-3p,UUGGAC,MIMAT0020300
hsa-miR-4520-3p,UGGACA,MIMAT0019057
hsa-miR-4520-5p,CUGCGU,MIMAT0019235
hsa-miR-4521,CUAAGG,MIMAT0019058
hsa-miR-4522,GACUCU,MIMAT0019060
hsa-miR-4523,ACCGAG,MIMAT0019061
hsa-miR-452-3p,UCAUCU,MIMAT0001636
hsa-miR-4524a-3p,GAGACA,MIMAT0019063
hsa-miR-4524a-5p,UAGCAG,MIMAT0019062
hsa-miR-4524b-3p,AGACAG,MIMAT0022256
hsa-miR-4524b-5p,UAGCAG,MIMAT0022255
hsa-miR-4525,GGGGGA,MIMAT0019064
hsa-miR-452-5p,ACUGUU,MIMAT0001635
hsa-miR-4526,CUGACA,MIMAT0019065
hsa-miR-4527,GGUCUG,MIMAT0019066
hsa-miR-4528,CAUUAU,MIMAT0019067
hsa-miR-4529-3p,UUGGAC,MIMAT0019068
hsa-miR-4529-5p,GGCCAU,MIMAT0019236
hsa-miR-4530,CCAGCA,MIMAT0019069
hsa-miR-4531,UGGAGA,MIMAT0019070
hsa-miR-4532,CCCGGG,MIMAT0019071
hsa-miR-4533,GGAAGG,MIMAT0019072
hsa-miR-4534,GAUGGA,MIMAT0019073
hsa-miR-4535,UGGACC,MIMAT0019075
hsa-miR-4536-3p,CGUGCA,MIMAT0020959
hsa-miR-4536-5p,GUGGUA,MIMAT0019078
hsa-miR-4537,GAGCCG,MIMAT0019080
hsa-miR-4538,AGCUUG,MIMAT0019081
hsa-miR-4539,CUGAAC,MIMAT0019082
hsa-miR-4540,UAGUCC,MIMAT0019083
hsa-miR-454-3p,AGUGCA,MIMAT0003885
hsa-miR-454-5p,CCCUAU,MIMAT0003884
hsa-miR-455-3p,CAGUCC,MIMAT0004784
hsa-miR-455-5p,AUGUGC,MIMAT0003150
hsa-miR-4632-3p,GCCGCC,MIMAT0019688
hsa-miR-4632-5p,AGGGCA,MIMAT0022977
hsa-miR-4633-3p,GGAGCU,MIMAT0019690
hsa-miR-4633-5p,UAUGCC,MIMAT0019689
hsa-miR-4634,GGCGCG,MIMAT0019691
hsa-miR-4635,CUUGAA,MIMAT0019692
hsa-miR-4636,ACUCGU,MIMAT0019693
hsa-miR-4637,ACUAAC,MIMAT0019694
hsa-miR-4638-3p,CUGGAC,MIMAT0019696
hsa-miR-4638-5p,CUCGGC,MIMAT0019695
hsa-miR-4639-3p,CACUCU,MIMAT0019698
hsa-miR-4639-5p,UGCUAA,MIMAT0019697
hsa-miR-4640-3p,ACCCCC,MIMAT0019700
hsa-miR-4640-5p,GGGCCA,MIMAT0019699
hsa-miR-4641,GCCCAU,MIMAT0019701
hsa-miR-4642,UGGCAU,MIMAT0019702
hsa-miR-4643,ACACAU,MIMAT0019703
hsa-miR-4644,GGAGAG,MIMAT0019704
hsa-miR-4645-3p,GACAGU,MIMAT0019706
hsa-miR-4645-5p,CCAGGC,MIMAT0019705
hsa-miR-4646-3p,UUGUCC,MIMAT0019708
hsa-miR-4646-5p,CUGGGA,MIMAT0019707
hsa-miR-4647,AAGAUG,MIMAT0019709
hsa-miR-4648,GUGGGA,MIMAT0019710
hsa-miR-4649-3p,CUGAGG,MIMAT0019712
hsa-miR-4649-5p,GGGCGA,MIMAT0019711
hsa-miR-4650-3p,GGUAGA,MIMAT0019714
hsa-miR-4650-5p,CAGGCC,MIMAT0019713
hsa-miR-4651,GGGGUG,MIMAT0019715
hsa-miR-4652-3p,UUCUGU,MIMAT0019717
hsa-miR-4652-5p,GGGGAC,MIMAT0019716
hsa-miR-4653-3p,GGAGUU,MIMAT0019719
hsa-miR-4653-5p,CUCUGA,MIMAT0019718
hsa-miR-4654,GUGGGA,MIMAT0019720
hsa-miR-4655-3p,CCCUCG,MIMAT0019722
hsa-miR-4655-5p,ACCGGG,MIMAT0019721
hsa-miR-4656,GGGCUG,MIMAT0019723
hsa-miR-4657,AUGUGG,MIMAT0019724
hsa-miR-4658,UGAGUG,MIMAT0019725
hsa-miR-4659a-3p,UUCUUC,MIMAT0019727
hsa-miR-4659a-5p,UGCCAU,MIMAT0019726
hsa-miR-4659b-3p,UUCUUC,MIMAT0019734
hsa-miR-4659b-5p,UGCCAU,MIMAT0019733
hsa-miR-466,UACACA,MIMAT0015002
hsa-miR-4660,GCAGCU,MIMAT0019728
hsa-miR-4661-3p,AGGAUC,MIMAT0019730
hsa-miR-4661-5p,ACUAGC,MIMAT0019729
hsa-miR-4662a-3p,AAGAUA,MIMAT0019732
hsa-miR-4662a-5p,UAGCCA,MIMAT0019731
hsa-miR-4662b,AAGAUG,MIMAT0019736
hsa-miR-4663,GCUGAG,MIMAT0019735
hsa-miR-4664-3p,UUCCGG,MIMAT0019738
hsa-miR-4664-5p,GGGGUG,MIMAT0019737
hsa-miR-4665-3p,UCGGCC,MIMAT0019740
hsa-miR-4665-5p,UGGGGG,MIMAT0019739
hsa-miR-4666a-3p,AUACAA,MIMAT0019742
hsa-miR-4666a-5p,UACAUG,MIMAT0019741
hsa-miR-4666b,UGCAUG,MIMAT0022485
hsa-miR-4667-3p,CCCUCC,MIMAT0019744
hsa-miR-4667-5p,CUGGGG,MIMAT0019743
hsa-miR-4668-3p,AAAAUC,MIMAT0019746
hsa-miR-4668-5p,GGGAAA,MIMAT0019745
hsa-miR-4669,GUGUCC,MIMAT0019749
hsa-miR-4670-3p,GAAGUU,MIMAT0019751
hsa-miR-4670-5p,AGCGAC,MIMAT0019750
hsa-miR-4671-3p,UAGUGC,MIMAT0019753
hsa-miR-4671-5p,CCGAAG,MIMAT0019752
hsa-miR-4672,UACACA,MIMAT0019754
hsa-miR-4673,CCAGGC,MIMAT0019755
hsa-miR-4674,UGGGCU,MIMAT0019756
hsa-miR-4675,GGGCUG,MIMAT0019757
hsa-miR-4676-3p,ACUGUU,MIMAT0019759
hsa-miR-4676-5p,AGCCAG,MIMAT0019758
hsa-miR-4677-3p,CUGUGA,MIMAT0019761
hsa-miR-4677-5p,UGUUCU,MIMAT0019760
hsa-miR-4678,AGGUAU,MIMAT0019762
hsa-miR-4679,CUGUGA,MIMAT0019763
hsa-miR-4680-3p,CUGAAU,MIMAT0019765
hsa-miR-4680-5p,GAACUC,MIMAT0019764
hsa-miR-4681,ACGGGA,MIMAT0019766
hsa-miR-4682,CUGAGU,MIMAT0019767
hsa-miR-4683,GGAGAU,MIMAT0019768
hsa-miR-4684-3p,GUUGCA,MIMAT0019770
hsa-miR-4684-5p,UCUCUA,MIMAT0019769
hsa-miR-4685-3p,CUCCCU,MIMAT0019772
hsa-miR-4685-5p,CCAGGG,MIMAT0019771
hsa-miR-4686,AUCUGC,MIMAT0019773
hsa-miR-4687-3p,GGCUGU,MIMAT0019775
hsa-miR-4687-5p,AGCCCU,MIMAT0019774
hsa-miR-4688,AGGGGC,MIMAT0019777
hsa-miR-4689,UGAGGA,MIMAT0019778
hsa-miR-4690-3p,CAGCCC,MIMAT0019780
hsa-miR-4690-5p,AGCAGG,MIMAT0019779
hsa-miR-4691-3p,CAGCCA,MIMAT0019782
hsa-miR-4691-5p,UCCUCC,MIMAT0019781
hsa-miR-4692,CAGGCA,MIMAT0019783
hsa-miR-4693-3p,GAGAGU,MIMAT0019785
hsa-miR-4693-5p,UACUGU,MIMAT0019784
hsa-miR-4694-3p,AAAUGG,MIMAT0019787
hsa-miR-4694-5p,GGUGUU,MIMAT0019786
hsa-miR-4695-3p,GAUCUC,MIMAT0019789
hsa-miR-4695-5p,AGGAGG,MIMAT0019788
hsa-miR-4696,GCAAGA,MIMAT0019790
hsa-miR-4697-3p,GUCAGU,MIMAT0019792
hsa-miR-4697-5p,GGGGGC,MIMAT0019791
hsa-miR-4698,CAAAAU,MIMAT0019793
hsa-miR-4699-3p,AUUUAC,MIMAT0019795
hsa-miR-4699-5p,GAAGAU,MIMAT0019794
hsa-miR-4700-3p,ACAGGA,MIMAT0019797
hsa-miR-4700-5p,CUGGGG,MIMAT0019796
hsa-miR-4701-3p,UGGGUG,MIMAT0019799
hsa-miR-4701-5p,UGGCCA,MIMAT0019798
hsa-miR-4703-3p,GUAGUU,MIMAT0019802
hsa-miR-4703-5p,AGCAAU,MIMAT0019801
hsa-miR-4704-3p,CAGUCA,MIMAT0019804
hsa-miR-4704-5p,ACACUA,MIMAT0019803
hsa-miR-4705,CAAUCA,MIMAT0019805
hsa-miR-4706,GCGGGG,MIMAT0019806
hsa-miR-4707-3p,GCCCGC,MIMAT0019808
hsa-miR-4707-5p,CCCCGG,MIMAT0019807
hsa-miR-4708-3p,GCAAGG,MIMAT0019810
hsa-miR-4708-5p,GAGAUG,MIMAT0019809
hsa-miR-4709-3p,UGAAGA,MIMAT0019812
hsa-miR-4709-5p,CAACAG,MIMAT0019811
hsa-miR-4710,GGUGAG,MIMAT0019815
hsa-miR-4711-3p,GUGUCU,MIMAT0019817
hsa-miR-4711-5p,GCAUCA,MIMAT0019816
hsa-miR-4712-3p,AUGAGA,MIMAT0019819
hsa-miR-4712-5p,CCAGUA,MIMAT0019818
hsa-miR-4713-3p,GGGAUC,MIMAT0019821
hsa-miR-4713-5p,UCUCCC,MIMAT0019820
hsa-miR-4714-3p,CAACCU,MIMAT0019823
hsa-miR-4714-5p,ACUCUG,MIMAT0019822
hsa-miR-4715-3p,UGCCAC,MIMAT0019825
hsa-miR-4715-5p,AGUUGG,MIMAT0019824
hsa-miR-4716-3p,AGGGGG,MIMAT0019827
hsa-miR-4716-5p,CCAUGU,MIMAT0019826
hsa-miR-4717-3p,CACAUG,MIMAT0019830
hsa-miR-4717-5p,AGGCCA,MIMAT0019829
hsa-miR-4718,GCUGUA,MIMAT0019831
hsa-miR-4719,CACAAA,MIMAT0019832
hsa-miR-4720-3p,GCUUAA,MIMAT0019834
hsa-miR-4720-5p,CUGGCA,MIMAT0019833
hsa-miR-4721,GAGGGC,MIMAT0019835
hsa-miR-4722-3p,CCUGCC,MIMAT0019837
hsa-miR-4722-5p,GCAGGA,MIMAT0019836
hsa-miR-4723-3p,CCUCUC,MIMAT0019839
hsa-miR-4723-5p,GGGGGA,MIMAT0019838
hsa-miR-4724-3p,UACCUU,MIMAT0019842
hsa-miR-4724-5p,ACUGAA,MIMAT0019841
hsa-miR-4725-3p,GGGGAA,MIMAT0019844
hsa-miR-4725-5p,GACCCU,MIMAT0019843
hsa-miR-4726-3p,CCCAGG,MIMAT0019846
hsa-miR-4726-5p,GGGCCA,MIMAT0019845
hsa-miR-4727-3p,UAGUGG,MIMAT0019848
hsa-miR-4727-5p,UCUGCC,MIMAT0019847
hsa-miR-4728-3p,AUGCUG,MIMAT0019850
hsa-miR-4728-5p,GGGAGG,MIMAT0019849
hsa-miR-4729,CAUUUA,MIMAT0019851
hsa-miR-4730,UGGCGG,MIMAT0019852
hsa-miR-4731-3p,ACACAA,MIMAT0019854
hsa-miR-4731-5p,GCUGGG,MIMAT0019853
hsa-miR-4732-3p,CCCUGA,MIMAT0019856
hsa-miR-4732-5p,GUAGAG,MIMAT0019855
hsa-miR-4733-3p,CACCAG,MIMAT0019858
hsa-miR-4733-5p,AUCCCA,MIMAT0019857
hsa-miR-4734,CUGCGG,MIMAT0019859
hsa-miR-4735-3p,AAGGUG,MIMAT0019861
hsa-miR-4735-5p,CUAAUU,MIMAT0019860
hsa-miR-4736,GGCAGG,MIMAT0019862
hsa-miR-4737,UGCGAG,MIMAT0019863
hsa-miR-4738-3p,GAAACU,MIMAT0019867
hsa-miR-4738-5p,CCAGCG,MIMAT0019866
hsa-miR-4739,AGGGAG,MIMAT0019868
hsa-miR-4740-3p,CCCGAG,MIMAT0019870
hsa-miR-4740-5p,GGACUG,MIMAT0019869
hsa-miR-4741,GGGCUG,MIMAT0019871
hsa-miR-4742-3p,CUGUAU,MIMAT0019873
hsa-miR-4742-5p,CAGGCA,MIMAT0019872
hsa-miR-4743-3p,UUCUGU,MIMAT0022978
hsa-miR-4743-5p,GGCCGG,MIMAT0019874
hsa-miR-4744,CUAAAG,MIMAT0019875
hsa-miR-4745-3p,GGCCCG,MIMAT0019879
hsa-miR-4745-5p,GAGUGG,MIMAT0019878
hsa-miR-4746-3p,GCGGUG,MIMAT0019881
hsa-miR-4746-5p,CGGUCC,MIMAT0019880
hsa-miR-4747-3p,AGGCCC,MIMAT0019883
hsa-miR-4747-5p,GGGAAG,MIMAT0019882
hsa-miR-4748,AGGUUU,MIMAT0019884
hsa-miR-4749-3p,GCCCCU,MIMAT0019886
hsa-miR-4749-5p,GCGGGG,MIMAT0019885
hsa-miR-4750-3p,CUGACC,MIMAT0022979
hsa-miR-4750-5p,UCGGGC,MIMAT0019887
hsa-miR-4751,GAGGAC,MIMAT0019888
hsa-miR-4752,UGUGGA,MIMAT0019889
hsa-miR-4753-3p,UCUCUU,MIMAT0019891
hsa-miR-4753-5p,AAGGCC,MIMAT0019890
hsa-miR-4754,UGCGGA,MIMAT0019894
hsa-miR-4755-3p,GCCAGG,MIMAT0019896
hsa-miR-4755-5p,UUCCCU,MIMAT0019895
hsa-miR-4756-3p,CAGAGA,MIMAT0019900
hsa-miR-4756-5p,AGGGAG,MIMAT0019899
hsa-miR-4757-3p,AUGACG,MIMAT0019902
hsa-miR-4757-5p,GGCCUC,MIMAT0019901
hsa-miR-4758-3p,GCCCCA,MIMAT0019904
hsa-miR-4758-5p,UGAGUG,MIMAT0019903
hsa-miR-4759,AGGACU,MIMAT0019905
hsa-miR-4760-3p,AAUUCA,MIMAT0019907
hsa-miR-4760-5p,UUAGAU,MIMAT0019906
hsa-miR-4761-3p,AGGGCA,MIMAT0019909
hsa-miR-4761-5p,CAAGGU,MIMAT0019908
hsa-miR-4762-3p,UUCUGA,MIMAT0019911
hsa-miR-4762-5p,CAAAUC,MIMAT0019910
hsa-miR-4763-3p,GGCAGG,MIMAT0019913
hsa-miR-4763-5p,GCCUGC,MIMAT0019912
hsa-miR-4764-3p,UAACUC,MIMAT0019915
hsa-miR-4764-5p,GGAUGU,MIMAT0019914
hsa-miR-4765,GAGUGA,MIMAT0019916
hsa-miR-4766-3p,UAGCAA,MIMAT0019918
hsa-miR-4766-5p,CUGAAA,MIMAT0019917
hsa-miR-4767,GCGGGC,MIMAT0019919
hsa-miR-4768-3p,CAGGAG,MIMAT0019921
hsa-miR-4768-5p,UUCUCU,MIMAT0019920
hsa-miR-4769-3p,CUGCCA,MIMAT0019923
hsa-miR-4769-5p,GUGGGA,MIMAT0019922
hsa-miR-4770,GAGAUG,MIMAT0019924
hsa-miR-4771,GCAGAC,MIMAT0019925
hsa-miR-4772-3p,CUGCAA,MIMAT0019927
hsa-miR-4772-5p,GAUCAG,MIMAT0019926
hsa-miR-4773,AGAACA,MIMAT0019928
hsa-miR-4774-3p,UUGCCU,MIMAT0019930
hsa-miR-4774-5p,CUGGUA,MIMAT0019929
hsa-miR-4775,UAAUUU,MIMAT0019931
hsa-miR-4776-3p,UUGCCA,MIMAT0019933
hsa-miR-4776-5p,UGGACC,MIMAT0019932
hsa-miR-4777-3p,UACCUC,MIMAT0019935
hsa-miR-4777-5p,UCUAGA,MIMAT0019934
hsa-miR-4778-3p,CUUCUU,MIMAT0019937
hsa-miR-4778-5p,AUUCUG,MIMAT0019936
hsa-miR-4779,AGGAGG,MIMAT0019938
hsa-miR-4780,CCCUUG,MIMAT0019939
hsa-miR-4781-3p,AUGUUG,MIMAT0019943
hsa-miR-4781-5p,AGCGGG,MIMAT0019942
hsa-miR-4782-3p,GAUUGU,MIMAT0019945
hsa-miR-4782-5p,UCUGGA,MIMAT0019944
hsa-miR-4783-3p,CCCGGU,MIMAT0019947
hsa-miR-4783-5p,GCGCGC,MIMAT0019946
hsa-miR-4784,GAGGAG,MIMAT0019948
hsa-miR-4785,GAGUCG,MIMAT0019949
hsa-miR-4786-3p,GAAGCC,MIMAT0019955
hsa-miR-4786-5p,GAGACC,MIMAT0019954
hsa-miR-4787-3p,AUGCGC,MIMAT0019957
hsa-miR-4787-5p,CGGGGG,MIMAT0019956
hsa-miR-4788,UACGGA,MIMAT0019958
hsa-miR-4789-3p,ACACAU,MIMAT0019960
hsa-miR-4789-5p,UAUACA,MIMAT0019959
hsa-miR-4790-3p,GAAUGG,MIMAT0019962
hsa-miR-4790-5p,UCGCUU,MIMAT0019961
hsa-miR-4791,GGAUAU,MIMAT0019963
hsa-miR-4792,GGUGAG,MIMAT0019964
hsa-miR-4793-3p,CUGCAC,MIMAT0019966
hsa-miR-4793-5p,CAUCCU,MIMAT0019965
hsa-miR-4794,CUGGCU,MIMAT0019967
hsa-miR-4795-3p,UAUUAU,MIMAT0019969
hsa-miR-4795-5p,GAAGUG,MIMAT0019968
hsa-miR-4796-3p,AAAGUG,MIMAT0019971
hsa-miR-4796-5p,GUCUAU,MIMAT0019970
hsa-miR-4797-3p,CUCAGU,MIMAT0019973
hsa-miR-4797-5p,ACAGAG,MIMAT0019972
hsa-miR-4798-3p,ACUCAC,MIMAT0019975
hsa-miR-4798-5p,UCGGUA,MIMAT0019974
hsa-miR-4799-3p,CUGGCA,MIMAT0019977
hsa-miR-4799-5p,UCUAAA,MIMAT0019976
hsa-miR-4800-3p,AUCCGU,MIMAT0019979
hsa-miR-4800-5p,GUGGAC,MIMAT0019978
hsa-miR-4801,ACACAA,MIMAT0019980
hsa-miR-4802-3p,ACAUGG,MIMAT0019982
hsa-miR-4802-5p,AUGGAG,MIMAT0019981
hsa-miR-4803,AACAUA,MIMAT0019983
hsa-miR-4804-3p,GCUUAA,MIMAT0019985
hsa-miR-4804-5p,UGGACG,MIMAT0019984
hsa-miR-483-3p,ACUCCU,MIMAT0002173
hsa-miR-483-5p,AGACGG,MIMAT0004761
hsa-miR-484,CAGGCU,MIMAT0002174
hsa-miR-485-3p,UCAUAC,MIMAT0002176
hsa-miR-485-5p,GAGGCU,MIMAT0002175
hsa-miR-486-3p,GGGGCA,MIMAT0004762
hsa-miR-486-5p,CCUGUA,MIMAT0002177
hsa-miR-487a-3p,AUCAUA,MIMAT0002178
hsa-miR-487a-5p,UGGUUA,MIMAT0026559
hsa-miR-487b-3p,AUCGUA,MIMAT0003180
hsa-miR-487b-5p,UGGUUA,MIMAT0026614
hsa-miR-488-3p,UGAAAG,MIMAT0004763
hsa-miR-488-5p,CCAGAU,MIMAT0002804
hsa-miR-489-3p,UGACAU,MIMAT0002805
hsa-miR-489-5p,GUCGUA,MIMAT0026605
hsa-miR-490-3p,AACCUG,MIMAT0002806
hsa-miR-490-5p,CAUGGA,MIMAT0004764
hsa-miR-491-3p,UUAUGC,MIMAT0004765
hsa-miR-491-5p,GUGGGG,MIMAT0002807
hsa-miR-492,GGACCU,MIMAT0002812
hsa-miR-493-3p,GAAGGU,MIMAT0003161
hsa-miR-493-5p,UGUACA,MIMAT0002813
hsa-miR-494-3p,GAAACA,MIMAT0002816
hsa-miR-494-5p,GGUUGU,MIMAT0026607
hsa-miR-495-3p,AACAAA,MIMAT0002817
hsa-miR-495-5p,AAGUUG,MIMAT0022924
hsa-miR-496,GAGUAU,MIMAT0002818
hsa-miR-497-3p,AAACCA,MIMAT0004768
hsa-miR-497-5p,AGCAGC,MIMAT0002820
hsa-miR-498,UUCAAG,MIMAT0002824
hsa-miR-4999-3p,CACUAC,MIMAT0021018
hsa-miR-4999-5p,GCUGUA,MIMAT0021017
hsa-miR-499a-3p,ACAUCA,MIMAT0004772
hsa-miR-499a-5p,UAAGAC,MIMAT0002870
hsa-miR-499b-3p,ACAUCA,MIMAT0019898
hsa-miR-499b-5p,CAGACU,MIMAT0019897
hsa-miR-5000-3p,CAGGAC,MIMAT0021020
hsa-miR-5000-5p,AGUUCA,MIMAT0021019
hsa-miR-5001-3p,UCUGCC,MIMAT0021022
hsa-miR-5001-5p,GGGCUG,MIMAT0021021
hsa-miR-5002-3p,GACUGC,MIMAT0021024
hsa-miR-5002-5p,AUUUGG,MIMAT0021023
hsa-miR-5003-3p,ACUUUU,MIMAT0021026
hsa-miR-5003-5p,CACAAC,MIMAT0021025
hsa-miR-5004-3p,UUGGAU,MIMAT0021028
hsa-miR-5004-5p,GAGGAC,MIMAT0021027
hsa-miR-5006-3p,UUCCCU,MIMAT0021034
hsa-miR-5006-5p,UGCCAG,MIMAT0021033
hsa-miR-5007-3p,UCAUAU,MIMAT0021036
hsa-miR-5007-5p,AGAGUC,MIMAT0021035
hsa-miR-5008-3p,CUGUGC,MIMAT0021040
hsa-miR-5008-5p,GAGGCC,MIMAT0021039
hsa-miR-5009-3p,CCUAAA,MIMAT0021042
hsa-miR-5009-5p,UGGACU,MIMAT0021041
hsa-miR-500a-3p,UGCACC,MIMAT0002871
hsa-miR-500a-5p,AAUCCU,MIMAT0004773
hsa-miR-500b-3p,CACCCA,MIMAT0027032
hsa-miR-500b-5p,AUCCUU,MIMAT0016925
hsa-miR-5010-3p,UUUGUG,MIMAT0021044
hsa-miR-5010-5p,GGGGGA,MIMAT0021043
hsa-miR-5011-3p,UGCAUG,MIMAT0021046
hsa-miR-5011-5p,AUAUAU,MIMAT0021045
hsa-miR-501-3p,AUGCAC,MIMAT0004774
hsa-miR-501-5p,AUCCUU,MIMAT0002872
hsa-miR-502-3p,AUGCAC,MIMAT0004775
hsa-miR-502-5p,UCCUUG,MIMAT0002873
hsa-miR-503-3p,GGGUAU,MIMAT0022925
hsa-miR-503-5p,AGCAGC,MIMAT0002874
hsa-miR-504-3p,GGAGUG,MIMAT0026612
hsa-miR-504-5p,ACCCUG,MIMAT0002875
hsa-miR-5047,UGCAGC,MIMAT0020541
hsa-miR-505-3p,GUCAAC,MIMAT0002876
hsa-miR-505-5p,GGAGCC,MIMAT0004776
hsa-miR-506-3p,UAAGGC,MIMAT0002878
hsa-miR-506-5p,AUUCAG,MIMAT0022701
hsa-miR-507,UUUGCA,MIMAT0002879
hsa-miR-508-3p,GAUUGU,MIMAT0002880
hsa-miR-508-5p,ACUCCA,MIMAT0004778
hsa-miR-5087,GGUUUG,MIMAT0021079
hsa-miR-5088-3p,CCCUUC,MIMAT0027041
hsa-miR-5088-5p,AGGGCU,MIMAT0021080
hsa-miR-5089-3p,UGCUAC,MIMAT0022984
hsa-miR-5089-5p,UGGGAU,MIMAT0021081
hsa-miR-5090,CGGGGC,MIMAT0021082
hsa-miR-5091,CGGAGA,MIMAT0021083
hsa-miR-5092,AUCCAC,MIMAT0021084
hsa-miR-5093,GGAAAU,MIMAT0021085
hsa-miR-509-3-5p,ACUGCA,MIMAT0004975
hsa-miR-509-3p,GAUUGG,MIMAT0002881
hsa-miR-5094,AUCAGU,MIMAT0021086
hsa-miR-5095,UACAGG,MIMAT0020600
hsa-miR-509-5p,ACUGCA,MIMAT0004779
hsa-miR-5096,UUUCAC,MIMAT0020603
hsa-miR-5100,UCAGAU,MIMAT0022259
hsa-miR-510-3p,UUGAAA,MIMAT0026613
hsa-miR-510-5p,ACUCAG,MIMAT0002882
hsa-miR-511-3p,AUGUGU,MIMAT0026606
hsa-miR-511-5p,UGUCUU,MIMAT0002808
hsa-miR-512-3p,AGUGCU,MIMAT0002823
hsa-miR-512-5p,ACUCAG,MIMAT0002822
hsa-miR-513a-3p,AAAUUU,MIMAT0004777
hsa-miR-513a-5p,UCACAG,MIMAT0002877
hsa-miR-513b-3p,AAUGUC,MIMAT0026749
hsa-miR-513b-5p,UCACAA,MIMAT0005788
hsa-miR-513c-3p,AAAUUU,MIMAT0022728
hsa-miR-513c-5p,UCUCAA,MIMAT0005789
hsa-miR-514a-3p,UUGACA,MIMAT0002883
hsa-miR-514a-5p,ACUCUG,MIMAT0022702
hsa-miR-514b-3p,UUGACA,MIMAT0015088
hsa-miR-514b-5p,UCUCAA,MIMAT0015087
hsa-miR-515-3p,AGUGCC,MIMAT0002827
hsa-miR-515-5p,UCUCCA,MIMAT0002826
hsa-miR-516a-3p,GCUUCC,MIMAT0006778
hsa-miR-516a-5p,UCUCGA,MIMAT0004770
hsa-miR-516b-3p,GCUUCC,MIMAT0002860
hsa-miR-516b-5p,UCUGGA,MIMAT0002859
hsa-miR-517-5p,CUCUAG,MIMAT0002851
hsa-miR-517a-3p,UCGUGC,MIMAT0002852
hsa-miR-517b-3p,UCGUGC,MIMAT0002857
hsa-miR-517c-3p,UCGUGC,MIMAT0002866
hsa-miR-5186,GAGAUU,MIMAT0021116
hsa-miR-5187-3p,CUGAAU,MIMAT0021118
hsa-miR-5187-5p,GGGAUG,MIMAT0021117
hsa-miR-5188,AUCGGA,MIMAT0021119
hsa-miR-5189-3p,GCCAAC,MIMAT0027088
hsa-miR-5189-5p,CUGGGC,MIMAT0021120
hsa-miR-518a-3p,AAAGCG,MIMAT0002863
hsa-miR-518a-5p,UGCAAA,MIMAT0005457
hsa-miR-518b,AAAGCG,MIMAT0002844
hsa-miR-518c-3p,AAAGCG,MIMAT0002848
hsa-miR-518c-5p,CUCUGG,MIMAT0002847
hsa-miR-518d-3p,AAAGCG,MIMAT0002864
hsa-miR-518d-5p,UCUAGA,MIMAT0005456
hsa-miR-518e-3p,AAGCGC,MIMAT0002861
hsa-miR-518e-5p,UCUAGA,MIMAT0005450
hsa-miR-518f-3p,AAAGCG,MIMAT0002842
hsa-miR-518f-5p,UCUAGA,MIMAT0002841
hsa-miR-5190,CAGUGA,MIMAT0021121
hsa-miR-5191,GGAUAG,MIMAT0021122
hsa-miR-5192,GGAGAG,MIMAT0021123
hsa-miR-5193,CCUCCU,MIMAT0021124
hsa-miR-5194,GAGGGG,MIMAT0021125
hsa-miR-5195-3p,UCCAGU,MIMAT0021127
hsa-miR-5195-5p,ACCCCU,MIMAT0021126
hsa-miR-5196-3p,CAUCCU,MIMAT0021129
hsa-miR-5196-5p,GGGAAG,MIMAT0021128
hsa-miR-5197-3p,AGAAGA,MIMAT0021131
hsa-miR-5197-5p,AAUGGC,MIMAT0021130
hsa-miR-519a-3p,AAGUGC,MIMAT0002869
hsa-miR-519a-5p,UCUAGA,MIMAT0005452
hsa-miR-519b-3p,AAGUGC,MIMAT0002837
hsa-miR-519b-5p,UCUAGA,MIMAT0005454
hsa-miR-519c-3p,AAGUGC,MIMAT0002832
hsa-miR-519c-5p,UCUAGA,MIMAT0002831
hsa-miR-519d-3p,AAAGUG,MIMAT0002853
hsa-miR-519d-5p,CUCCAA,MIMAT0026610
hsa-miR-519e-3p,AGUGCC,MIMAT0002829
hsa-miR-519e-5p,UCUCCA,MIMAT0002828
hsa-miR-520a-3p,AAGUGC,MIMAT0002834
hsa-miR-520a-5p,UCCAGA,MIMAT0002833
hsa-miR-520b,AAGUGC,MIMAT0002843
hsa-miR-520c-3p,AAGUGC,MIMAT0002846
hsa-miR-520c-5p,UCUAGA,MIMAT0005455
hsa-miR-520d-3p,AAGUGC,MIMAT0002856
hsa-miR-520d-5p,UACAAA,MIMAT0002855
hsa-miR-520e,AAGUGC,MIMAT0002825
hsa-miR-520f-3p,AGUGCU,MIMAT0002830
hsa-miR-520f-5p,CUCUAA,MIMAT0026609
hsa-miR-520g-3p,CAAAGU,MIMAT0002858
hsa-miR-520g-5p,CUAGAG,MIMAT0026611
hsa-miR-520h,CAAAGU,MIMAT0002867
hsa-miR-521,ACGCAC,MIMAT0002854
hsa-miR-522-3p,AAAUGG,MIMAT0002868
hsa-miR-522-5p,UCUAGA,MIMAT0005451
hsa-miR-523-3p,AACGCG,MIMAT0002840
hsa-miR-523-5p,UCUAGA,MIMAT0005449
hsa-miR-524-3p,AAGGCG,MIMAT0002850
hsa-miR-524-5p,UACAAA,MIMAT0002849
hsa-miR-525-3p,AAGGCG,MIMAT0002839
hsa-miR-525-5p,UCCAGA,MIMAT0002838
hsa-miR-526a,UCUAGA,MIMAT0002845
hsa-miR-526b-3p,AAAGUG,MIMAT0002836
hsa-miR-526b-5p,UCUUGA,MIMAT0002835
hsa-miR-527,UGCAAA,MIMAT0002862
hsa-miR-532-3p,CUCCCA,MIMAT0004780
hsa-miR-532-5p,AUGCCU,MIMAT0002888
hsa-miR-539-3p,UCAUAC,MIMAT0022705
hsa-miR-539-5p,GAGAAA,MIMAT0003163
hsa-miR-541-3p,GGUGGG,MIMAT0004920
hsa-miR-541-5p,AAGGAU,MIMAT0004919
hsa-miR-542-3p,GUGACA,MIMAT0003389
hsa-miR-542-5p,CGGGGA,MIMAT0003340
hsa-miR-543,AACAUU,MIMAT0004954
hsa-miR-544a,UUCUGC,MIMAT0003164
hsa-miR-544b,CCUGAG,MIMAT0015004
hsa-miR-545-3p,CAGCAA,MIMAT0003165
hsa-miR-545-5p,CAGUAA,MIMAT0004785
hsa-miR-548a-3p,AAAACU,MIMAT0003251
hsa-miR-548a-5p,AAAGUA,MIMAT0004803
hsa-miR-548aa,AAAACC,MIMAT0018447
hsa-miR-548ab,AAAGUA,MIMAT0018928
hsa-miR-548ac,AAAAAC,MIMAT0018938
hsa-miR-548ad-3p,AAAACG,MIMAT0018946
hsa-miR-548ad-5p,AAAGUA,MIMAT0032114
hsa-miR-548ae-3p,AAAAAC,MIMAT0018954
hsa-miR-548ae-5p,AAAGUA,MIMAT0032115
hsa-miR-548ag,AAGGUA,MIMAT0018969
hsa-miR-548ah-3p,AAAAAC,MIMAT0020957
hsa-miR-548ah-5p,AAAGUG,MIMAT0018972
hsa-miR-548ai,AAGGUA,MIMAT0018989
hsa-miR-548aj-3p,AAAAAC,MIMAT0018990
hsa-miR-548aj-5p,GCAAAA,MIMAT0022739
hsa-miR-548ak,AAAGUA,MIMAT0019013
hsa-miR-548al,ACGGCA,MIMAT0019024
hsa-miR-548am-3p,AAAAAC,MIMAT0019076
hsa-miR-548am-5p,AAAGUA,MIMAT0022740
hsa-miR-548an,AAAGGC,MIMAT0019079
hsa-miR-548ao-3p,AAGACC,MIMAT0021030
hsa-miR-548ao-5p,GAAGUA,MIMAT0021029
hsa-miR-548ap-3p,AAAACC,MIMAT0021038
hsa-miR-548ap-5p,AAAGUA,MIMAT0021037
hsa-miR-548aq-3p,AAAAAC,MIMAT0022264
hsa-miR-548aq-5p,AAAGUA,MIMAT0022263
hsa-miR-548ar-3p,AAAACU,MIMAT0022266
hsa-miR-548ar-5p,AAAGUA,MIMAT0022265
hsa-miR-548as-3p,AAAACC,MIMAT0022268
hsa-miR-548as-5p,AAAGUA,MIMAT0022267
hsa-miR-548at-3p,AAAACC,MIMAT0022278
hsa-miR-548at-5p,AAAGUU,MIMAT0022277
hsa-miR-548au-3p,GGCAGU,MIMAT0022292
hsa-miR-548au-5p,AAAGUA,MIMAT0022291
hsa-miR-548av-3p,AAACUG,MIMAT0022304
hsa-miR-548av-5p,AAAGUA,MIMAT0022303
hsa-miR-548aw,UGCAAA,MIMAT0022471
hsa-miR-548ax,GAAGUA,MIMAT0022474
hsa-miR-548ay-3p,AAAACC,MIMAT0025453
hsa-miR-548ay-5p,AAAGUA,MIMAT0025452
hsa-miR-548az-3p,AAAACU,MIMAT0025457
hsa-miR-548az-5p,AAAAGU,MIMAT0025456
hsa-miR-548b-3p,AAGAAC,MIMAT0003254
hsa-miR-548b-5p,AAAGUA,MIMAT0004798
hsa-miR-548ba,AAGGUA,MIMAT0031175
hsa-miR-548bb-3p,AAAAAC,MIMAT0035704
hsa-miR-548bb-5p,AAAGUA,MIMAT0035703
hsa-miR-548c-3p,AAAAAU,MIMAT0003285
hsa-miR-548c-5p,AAAGUA,MIMAT0004806
hsa-miR-548d-3p,AAAAAC,MIMAT0003323
hsa-miR-548d-5p,AAAGUA,MIMAT0004812
hsa-miR-548e-3p,AAAACU,MIMAT0005874
hsa-miR-548e-5p,AAAAGC,MIMAT0026736
hsa-miR-548f-3p,AAAACU,MIMAT0005895
hsa-miR-548f-5p,GCAAAA,MIMAT0026739
hsa-miR-548g-3p,AAACUG,MIMAT0005912
hsa-miR-548g-5p,GCAAAA,MIMAT0022722
hsa-miR-548h-3p,AAAAAC,MIMAT0022723
hsa-miR-548h-5p,AAAGUA,MIMAT0005928
hsa-miR-548i,AAAGUA,MIMAT0005935
hsa-miR-548j-3p,AAAAAC,MIMAT0026737
hsa-miR-548j-5p,AAAGUA,MIMAT0005875
hsa-miR-548k,AAAGUA,MIMAT0005882
hsa-miR-548l,AAAGUA,MIMAT0005889
hsa-miR-548m,AAAGGU,MIMAT0005917
hsa-miR-548n,AAAAGU,MIMAT0005916
hsa-miR-548o-3p,CAAAAC,MIMAT0005919
hsa-miR-548o-5p,AAAGUA,MIMAT0022738
hsa-miR-548p,AGCAAA,MIMAT0005934
hsa-miR-548q,CUGGUG,MIMAT0011163
hsa-miR-548s,UGGCCA,MIMAT0014987
hsa-miR-548t-3p,AAAACC,MIMAT0022730
hsa-miR-548t-5p,AAAAGU,MIMAT0015009
hsa-miR-548u,AAAGAC,MIMAT0015013
hsa-miR-548v,GCUACA,MIMAT0015020
hsa-miR-548w,AAAGUA,MIMAT0015060
hsa-miR-548x-3p,AAAAAC,MIMAT0015081
hsa-miR-548x-5p,GCAAAA,MIMAT0022733
hsa-miR-548y,AAAGUA,MIMAT0018354
hsa-miR-548z,AAAAAC,MIMAT0018446
hsa-miR-549a,GACAAC,MIMAT0003333
hsa-miR-550a-3-5p,GUGCCU,MIMAT0020925
hsa-miR-550a-3p,GUCUUA,MIMAT0003257
hsa-miR-550a-5p,GUGCCU,MIMAT0004800
hsa-miR-550b-2-5p,UGUGCC,MIMAT0022737
hsa-miR-550b-3p,CUUACU,MIMAT0018445
hsa-miR-551a,CGACCC,MIMAT0003214
hsa-miR-551b-3p,CGACCC,MIMAT0003233
hsa-miR-551b-5p,AAAUCA,MIMAT0004794
hsa-miR-552-3p,ACAGGU,MIMAT0003215
hsa-miR-552-5p,UUUAAC,MIMAT0026615
hsa-miR-553,AAACGG,MIMAT0003216
hsa-miR-554,CUAGUC,MIMAT0003217
hsa-miR-555,GGGUAA,MIMAT0003219
hsa-miR-556-3p,UAUUAC,MIMAT0004793
hsa-miR-556-5p,AUGAGC,MIMAT0003220
hsa-miR-557,UUUGCA,MIMAT0003221
hsa-miR-5571-3p,UCCUAG,MIMAT0022258
hsa-miR-5571-5p,AAUUCU,MIMAT0022257
hsa-miR-5572,UUGGGG,MIMAT0022260
hsa-miR-5579-3p,UAGCUU,MIMAT0022270
hsa-miR-5579-5p,AUGGUA,MIMAT0022269
hsa-miR-558,GAGCUG,MIMAT0003222
hsa-miR-5580-3p,ACAUAU,MIMAT0022274
hsa-miR-5580-5p,GCUGGC,MIMAT0022273
hsa-miR-5581-3p,UCCAUG,MIMAT0022276
hsa-miR-5581-5p,GCCUUC,MIMAT0022275
hsa-miR-5582-3p,AAAACU,MIMAT0022280
hsa-miR-5582-5p,AGGCAC,MIMAT0022279
hsa-miR-5583-3p,AAUAUG,MIMAT0022282
hsa-miR-5583-5p,AACUAA,MIMAT0022281
hsa-miR-5584-3p,AGUUCU,MIMAT0022284
hsa-miR-5584-5p,AGGGAA,MIMAT0022283
hsa-miR-5585-3p,UGAAUA,MIMAT0022286
hsa-miR-5585-5p,GAAGUA,MIMAT0022285
hsa-miR-5586-3p,AGAGUG,MIMAT0022288
hsa-miR-5586-5p,AUCCAG,MIMAT0022287
hsa-miR-5587-3p,CCCCGG,MIMAT0022290
hsa-miR-5587-5p,UGGUCA,MIMAT0022289
hsa-miR-5588-3p,AGUCCC,MIMAT0022296
hsa-miR-5588-5p,CUGGCA,MIMAT0022295
hsa-miR-5589-3p,GCACAU,MIMAT0022298
hsa-miR-5589-5p,GCUGGG,MIMAT0022297
hsa-miR-559,AAAGUA,MIMAT0003223
hsa-miR-5590-3p,AUAAAG,MIMAT0022300
hsa-miR-5590-5p,UGCCAU,MIMAT0022299
hsa-miR-5591-3p,UACCCA,MIMAT0022302
hsa-miR-5591-5p,GGGAGC,MIMAT0022301
hsa-miR-561-3p,AAAGUU,MIMAT0003225
hsa-miR-561-5p,UCAAGG,MIMAT0022706
hsa-miR-562,AAGUAG,MIMAT0003226
hsa-miR-563,GGUUGA,MIMAT0003227
hsa-miR-564,GGCACG,MIMAT0003228
hsa-miR-566,GGCGCC,MIMAT0003230
hsa-miR-567,GUAUGU,MIMAT0003231
hsa-miR-568,UGUAUA,MIMAT0003232
hsa-miR-5680,AGAAAU,MIMAT0022468
hsa-miR-5681a,GAAAGG,MIMAT0022469
hsa-miR-5681b,GGUAUU,MIMAT0022480
hsa-miR-5682,UAGCAC,MIMAT0022470
hsa-miR-5683,ACAGAU,MIMAT0022472
hsa-miR-5684,ACUCUA,MIMAT0022473
hsa-miR-5685,CAGCCC,MIMAT0022475
hsa-miR-5687,UAGAAC,MIMAT0022478
hsa-miR-5688,AACAAA,MIMAT0022479
hsa-miR-5689,GCAUAC,MIMAT0022481
hsa-miR-569,GUUAAU,MIMAT0003234
hsa-miR-5690,CAGCUA,MIMAT0022482
hsa-miR-5691,UGCUCU,MIMAT0022483
hsa-miR-5692a,AAAUAA,MIMAT0022484
hsa-miR-5692b,AUAAUA,MIMAT0022497
hsa-miR-5692c,AUAAUA,MIMAT0022476
hsa-miR-5693,CAGUGG,MIMAT0022486
hsa-miR-5694,AGAUCA,MIMAT0022487
hsa-miR-5695,CUCCAA,MIMAT0022488
hsa-miR-5696,UCAUUU,MIMAT0022489
hsa-miR-5697,CAAGUA,MIMAT0022490
hsa-miR-5698,GGGGGA,MIMAT0022491
hsa-miR-5699-3p,CCUGUC,MIMAT0022492
hsa-miR-5699-5p,GCCCCA,MIMAT0027103
hsa-miR-5700,AAUGCA,MIMAT0022493
hsa-miR-5701,UAUUGU,MIMAT0022494
hsa-miR-5702,GAGUCA,MIMAT0022495
hsa-miR-5703,GGAGAA,MIMAT0022496
hsa-miR-570-3p,GAAAAC,MIMAT0003235
hsa-miR-5704,UAGGCC,MIMAT0022498
hsa-miR-5705,GUUUCG,MIMAT0022499
hsa-miR-570-5p,AAGGUA,MIMAT0022707
hsa-miR-5706,UCUGGA,MIMAT0022500
hsa-miR-5707,CGUUUG,MIMAT0022501
hsa-miR-5708,UGAGCG,MIMAT0022502
hsa-miR-571,GAGUUG,MIMAT0003236
hsa-miR-572,UCCGCU,MIMAT0003237
hsa-miR-573,UGAAGU,MIMAT0003238
hsa-miR-5739,CGGAGA,MIMAT0023116
hsa-miR-574-3p,ACGCUC,MIMAT0003239
hsa-miR-574-5p,GAGUGU,MIMAT0004795
hsa-miR-575,AGCCAG,MIMAT0003240
hsa-miR-576-3p,AGAUGU,MIMAT0004796
hsa-miR-576-5p,UUCUAA,MIMAT0003241
hsa-miR-577,AGAUAA,MIMAT0003242
hsa-miR-578,UUCUUG,MIMAT0003243
hsa-miR-5787,GGCUGG,MIMAT0023252
hsa-miR-579-3p,UCAUUU,MIMAT0003244
hsa-miR-579-5p,CGCGGU,MIMAT0026616
hsa-miR-580-3p,UGAGAA,MIMAT0003245
hsa-miR-580-5p,AAUGAU,MIMAT0026617
hsa-miR-581,CUUGUG,MIMAT0003246
hsa-miR-582-3p,AACUGG,MIMAT0004797
hsa-miR-582-5p,UACAGU,MIMAT0003247
hsa-miR-583,AAAGAG,MIMAT0003248
hsa-miR-584-3p,CAGUUC,MIMAT0022708
hsa-miR-584-5p,UAUGGU,MIMAT0003249
hsa-miR-585-3p,GGGCGU,MIMAT0003250
hsa-miR-585-5p,UAGCAC,MIMAT0026618
hsa-miR-586,AUGCAU,MIMAT0003252
hsa-miR-587,UUCCAU,MIMAT0003253
hsa-miR-588,UGGCCA,MIMAT0003255
hsa-miR-589-3p,CAGAAC,MIMAT0003256
hsa-miR-589-5p,GAGAAC,MIMAT0004799
hsa-miR-590-3p,AAUUUU,MIMAT0004801
hsa-miR-590-5p,AGCUUA,MIMAT0003258
hsa-miR-591,GACCAU,MIMAT0003259
hsa-miR-592,UGUGUC,MIMAT0003260
hsa-miR-593-3p,GUCUCU,MIMAT0004802
hsa-miR-593-5p,GGCACC,MIMAT0003261
hsa-miR-595,AAGUGU,MIMAT0003263
hsa-miR-596,AGCCUG,MIMAT0003264
hsa-miR-597-3p,GGUUCU,MIMAT0026619
hsa-miR-597-5p,GUGUCA,MIMAT0003265
hsa-miR-598-3p,ACGUCA,MIMAT0003266
hsa-miR-598-5p,CGGUGA,MIMAT0026620
hsa-miR-599,UUGAUA,MIMAT0003267
hsa-miR-600,CUUACA,MIMAT0003268
hsa-miR-601,GGUCUA,MIMAT0003269
hsa-miR-602,ACACGG,MIMAT0003270
hsa-miR-603,ACACAC,MIMAT0003271
hsa-miR-604,GGCUGC,MIMAT0003272
hsa-miR-605-3p,GAAGGC,MIMAT0026621
hsa-miR-605-5p,AAAUCC,MIMAT0003273
hsa-miR-606,AACUAC,MIMAT0003274
hsa-miR-6068,CUGCGA,MIMAT0023693
hsa-miR-6069,GGCUAG,MIMAT0023694
hsa-miR-607,UUCAAA,MIMAT0003275
hsa-miR-6070,CGGUUC,MIMAT0023695
hsa-miR-6071,UCUGCU,MIMAT0023696
hsa-miR-6072,CCUCAU,MIMAT0023697
hsa-miR-6073,GUAGUG,MIMAT0023698
hsa-miR-6074,AUAUUC,MIMAT0023699
hsa-miR-6075,CGGCCC,MIMAT0023700
hsa-miR-6076,GCAUGA,MIMAT0023701
hsa-miR-6077,GGAAGA,MIMAT0023702
hsa-miR-6078,CGCCUG,MIMAT0023703
hsa-miR-6079,UGGAAG,MIMAT0023704
hsa-miR-608,GGGGUG,MIMAT0003276
hsa-miR-6080,CUAGUG,MIMAT0023705
hsa-miR-6081,GGAGCA,MIMAT0023706
hsa-miR-6082,AAUACG,MIMAT0023707
hsa-miR-6083,UUAUAU,MIMAT0023708
hsa-miR-6084,UCCGCC,MIMAT0023709
hsa-miR-6085,AGGGGC,MIMAT0023710
hsa-miR-6086,GAGGUU,MIMAT0023711
hsa-miR-6087,GAGGCG,MIMAT0023712
hsa-miR-6088,GAGAUG,MIMAT0023713
hsa-miR-6089,GAGGCC,MIMAT0023714
hsa-miR-609,GGGUGU,MIMAT0003277
hsa-miR-6090,GGGAGC,MIMAT0023715
hsa-miR-610,GAGCUA,MIMAT0003278
hsa-miR-611,CGAGGA,MIMAT0003279
hsa-miR-612,CUGGGC,MIMAT0003280
hsa-miR-6124,GGAAAA,MIMAT0024597
hsa-miR-6125,CGGAAG,MIMAT0024598
hsa-miR-6126,UGAAGG,MIMAT0024599
hsa-miR-6127,GAGGGA,MIMAT0024610
hsa-miR-6128,CUGGAA,MIMAT0024611
hsa-miR-6129,GAGGGA,MIMAT0024613
hsa-miR-613,GGAAUG,MIMAT0003281
hsa-miR-6130,GAGGGA,MIMAT0024614
hsa-miR-6131,GCUGGU,MIMAT0024615
hsa-miR-6132,GCAGGG,MIMAT0024616
hsa-miR-6133,GAGGGA,MIMAT0024617
hsa-miR-6134,GAGGUG,MIMAT0024618
hsa-miR-614,AACGCC,MIMAT0003282
hsa-miR-615-3p,CCGAGC,MIMAT0003283
hsa-miR-615-5p,GGGGUC,MIMAT0004804
hsa-miR-616-3p,GUCAUU,MIMAT0004805
hsa-miR-6165,AGCAGG,MIMAT0024782
hsa-miR-616-5p,CUCAAA,MIMAT0003284
hsa-miR-617,GACUUC,MIMAT0003286
hsa-miR-618,AACUCU,MIMAT0003287
hsa-miR-619-3p,ACCUGG,MIMAT0003288
hsa-miR-619-5p,CUGGGA,MIMAT0026622
hsa-miR-620,UGGAGA,MIMAT0003289
hsa-miR-621,GCUAGC,MIMAT0003290
hsa-miR-622,CAGUCU,MIMAT0003291
hsa-miR-623,UCCCUU,MIMAT0003292
hsa-miR-624-3p,ACAAGG,MIMAT0004807
hsa-miR-624-5p,AGUACC,MIMAT0003293
hsa-miR-625-3p,ACUAUA,MIMAT0004808
hsa-miR-625-5p,GGGGGA,MIMAT0003294
hsa-miR-626,GCUGUC,MIMAT0003295
hsa-miR-627-3p,CUUUUC,MIMAT0026623
hsa-miR-627-5p,UGAGUC,MIMAT0003296
hsa-miR-628-3p,CUAGUA,MIMAT0003297
hsa-miR-628-5p,UGCUGA,MIMAT0004809
hsa-miR-629-3p,UUCUCC,MIMAT0003298
hsa-miR-629-5p,GGGUUU,MIMAT0004810
hsa-miR-630,GUAUUC,MIMAT0003299
hsa-miR-631,GACCUG,MIMAT0003300
hsa-miR-632,UGUCUG,MIMAT0003302
hsa-miR-633,UAAUAG,MIMAT0003303
hsa-miR-634,ACCAGC,MIMAT0003304
hsa-miR-635,CUUGGG,MIMAT0003305
hsa-miR-636,GUGCUU,MIMAT0003306
hsa-miR-637,CUGGGG,MIMAT0003307
hsa-miR-638,GGGAUC,MIMAT0003308
hsa-miR-639,UCGCUG,MIMAT0003309
hsa-miR-640,UGAUCC,MIMAT0003310
hsa-miR-641,AAGACA,MIMAT0003311
hsa-miR-642a-3p,GACACA,MIMAT0020924
hsa-miR-642a-5p,UCCCUC,MIMAT0003312
hsa-miR-642b-3p,GACACA,MIMAT0018444
hsa-miR-642b-5p,GUUCCC,MIMAT0022736
hsa-miR-643,CUUGUA,MIMAT0003313
hsa-miR-644a,GUGUGG,MIMAT0003314
hsa-miR-645,CUAGGC,MIMAT0003315
hsa-miR-646,AGCAGC,MIMAT0003316
hsa-miR-647,UGGCUG,MIMAT0003317
hsa-miR-648,AGUGUG,MIMAT0003318
hsa-miR-649,AACCUG,MIMAT0003319
hsa-miR-6499-3p,GCAGUG,MIMAT0025451
hsa-miR-6499-5p,CGGGCG,MIMAT0025450
hsa-miR-650,GGAGGC,MIMAT0003320
hsa-miR-6500-3p,CACUUG,MIMAT0025455
hsa-miR-6500-5p,GGAGCU,MIMAT0025454
hsa-miR-6501-3p,CAGAGC,MIMAT0025459
hsa-miR-6501-5p,GUUGCC,MIMAT0025458
hsa-miR-6502-3p,AGACCA,MIMAT0025461
hsa-miR-6502-5p,GCUCUA,MIMAT0025460
hsa-miR-6503-3p,GGACUA,MIMAT0025463
hsa-miR-6503-5p,GGUCUG,MIMAT0025462
hsa-miR-6504-3p,AUUACA,MIMAT0025465
hsa-miR-6504-5p,CUGGCU,MIMAT0025464
hsa-miR-6505-3p,GACUUC,MIMAT0025467
hsa-miR-6505-5p,UGGAAU,MIMAT0025466
hsa-miR-6506-3p,CGUAUC,MIMAT0025469
hsa-miR-6506-5p,CUGGGA,MIMAT0025468
hsa-miR-6507-3p,AAAGUC,MIMAT0025471
hsa-miR-6507-5p,AAGAAU,MIMAT0025470
hsa-miR-6508-3p,GGGCCA,MIMAT0025473
hsa-miR-6508-5p,CUAGAA,MIMAT0025472
hsa-miR-6509-3p,UCCACU,MIMAT0025475
hsa-miR-6509-5p,UUAGGU,MIMAT0025474
hsa-miR-6510-3p,ACCGAC,MIMAT0025477
hsa-miR-6510-5p,AGCAGG,MIMAT0025476
hsa-miR-6511a-3p,CUCACC,MIMAT0025479
hsa-miR-6511a-5p,AGGCAG,MIMAT0025478
hsa-miR-6511b-3p,CUCACC,MIMAT0025848
hsa-miR-6511b-5p,UGCAGG,MIMAT0025847
hsa-miR-6512-3p,UCCAGC,MIMAT0025481
hsa-miR-6512-5p,ACCAUU,MIMAT0025480
hsa-miR-6513-3p,CAAGUG,MIMAT0025483
hsa-miR-6513-5p,UUGGGA,MIMAT0025482
hsa-miR-651-3p,AAGGAA,MIMAT0026624
hsa-miR-6514-3p,UGCCUG,MIMAT0025485
hsa-miR-6514-5p,AUGGAG,MIMAT0025484
hsa-miR-6515-3p,CUCUUC,MIMAT0025487
hsa-miR-6515-5p,UGGAGG,MIMAT0025486
hsa-miR-651-5p,UUAGGA,MIMAT0003321
hsa-miR-6516-3p,UCAUGU,MIMAT0030418
hsa-miR-6516-5p,UUGCAG,MIMAT0030417
hsa-miR-652-3p,AUGGCG,MIMAT0003322
hsa-miR-652-5p,AACCCU,MIMAT0022709
hsa-miR-653-3p,UCACUG,MIMAT0026625
hsa-miR-653-5p,UGAAAC,MIMAT0003328
hsa-miR-654-3p,AUGUCU,MIMAT0004814
hsa-miR-654-5p,GGUGGG,MIMAT0003330
hsa-miR-655-3p,UAAUAC,MIMAT0003331
hsa-miR-655-5p,GAGGUU,MIMAT0026626
hsa-miR-656-3p,AUAUUA,MIMAT0003332
hsa-miR-656-5p,GGUUGC,MIMAT0026627
hsa-miR-657,GCAGGU,MIMAT0003335
hsa-miR-658,GCGGAG,MIMAT0003336
hsa-miR-659-3p,UUGGUU,MIMAT0003337
hsa-miR-659-5p,GGACCU,MIMAT0022710
hsa-miR-660-3p,CCUCCU,MIMAT0022711
hsa-miR-660-5p,ACCCAU,MIMAT0003338
hsa-miR-661,GCCUGG,MIMAT0003324
hsa-miR-662,CCCACG,MIMAT0003325
hsa-miR-663a,GGCGGG,MIMAT0003326
hsa-miR-663b,GUGGCC,MIMAT0005867
hsa-miR-664a-3p,AUUCAU,MIMAT0005949
hsa-miR-664a-5p,CUGGCU,MIMAT0005948
hsa-miR-664b-3p,UCAUUU,MIMAT0022272
hsa-miR-664b-5p,GGGCUA,MIMAT0022271
hsa-miR-665,CCAGGA,MIMAT0004952
hsa-miR-668-3p,GUCACU,MIMAT0003881
hsa-miR-668-5p,GCGCCU,MIMAT0026636
hsa-miR-670-3p,UUCCUC,MIMAT0026640
hsa-miR-670-5p,UCCCUG,MIMAT0010357
hsa-miR-671-3p,CCGGUU,MIMAT0004819
hsa-miR-6715a-3p,CAAACC,MIMAT0025841
hsa-miR-6715b-3p,UCAAAC,MIMAT0025843
hsa-miR-6715b-5p,CAGGCA,MIMAT0025842
hsa-miR-671-5p,GGAAGC,MIMAT0003880
hsa-miR-6716-3p,CCGAAC,MIMAT0025845
hsa-miR-6716-5p,GGGAAU,MIMAT0025844
hsa-miR-6717-5p,GGCGAU,MIMAT0025846
hsa-miR-6718-5p,AGUGGU,MIMAT0025849
hsa-miR-6719-3p,CUGACA,MIMAT0025850
hsa-miR-6720-3p,GCGCCU,MIMAT0025851
hsa-miR-6720-5p,UCCAGC,MIMAT0027345
hsa-miR-6721-5p,GGGCAG,MIMAT0025852
hsa-miR-6722-3p,GCAGGG,MIMAT0025854
hsa-miR-6722-5p,GGCGCA,MIMAT0025853
hsa-miR-6723-5p,UAGUCC,MIMAT0025855
hsa-miR-6724-5p,UGGGCC,MIMAT0025856
hsa-miR-6726-3p,UCGCCC,MIMAT0027354
hsa-miR-6726-5p,GGGAGC,MIMAT0027353
hsa-miR-6727-3p,CCUGCC,MIMAT0027356
hsa-miR-6727-5p,UCGGGG,MIMAT0027355
hsa-miR-6728-3p,CUCUGC,MIMAT0027358
hsa-miR-6728-5p,UGGGAU,MIMAT0027357
hsa-miR-6729-3p,CAUCCC,MIMAT0027360
hsa-miR-6729-5p,GGGCGA,MIMAT0027359
hsa-miR-6730-3p,CUGACA,MIMAT0027362
hsa-miR-6730-5p,GAAAGG,MIMAT0027361
hsa-miR-6731-3p,CUAUUC,MIMAT0027364
hsa-miR-6731-5p,GGGAGA,MIMAT0027363
hsa-miR-6732-3p,AACCCU,MIMAT0027366
hsa-miR-6732-5p,AGGGGG,MIMAT0027365
hsa-miR-6733-3p,CAGUGU,MIMAT0027368
hsa-miR-6733-5p,GGGAAA,MIMAT0027367
hsa-miR-6734-3p,CCUUCC,MIMAT0027370
hsa-miR-6734-5p,UGAGGG,MIMAT0027369
hsa-miR-6735-3p,GGCCUG,MIMAT0027372
hsa-miR-6735-5p,AGGGCA,MIMAT0027371
hsa-miR-6736-3p,CAGCUC,MIMAT0027374
hsa-miR-6736-5p,UGGGUG,MIMAT0027373
hsa-miR-6737-3p,CUGUGC,MIMAT0027376
hsa-miR-6737-5p,UGGGGU,MIMAT0027375
hsa-miR-6738-3p,UUCUGC,MIMAT0027378
hsa-miR-6738-5p,GAGGGG,MIMAT0027377
hsa-miR-6739-3p,UUGUUC,MIMAT0027380
hsa-miR-6739-5p,GGGAAA,MIMAT0027379
hsa-miR-6740-3p,GUCUUC,MIMAT0027382
hsa-miR-6740-5p,GUUUGG,MIMAT0027381
hsa-miR-6741-3p,CGGCUC,MIMAT0027384
hsa-miR-6741-5p,UGGGUG,MIMAT0027383
hsa-miR-6742-3p,CCUGGG,MIMAT0027386
hsa-miR-6742-5p,GUGGGG,MIMAT0027385
hsa-miR-6743-3p,GCCGCU,MIMAT0027388
hsa-miR-6743-5p,AGGGGC,MIMAT0027387
hsa-miR-6744-3p,GGCCUC,MIMAT0027390
hsa-miR-6744-5p,GGAUGA,MIMAT0027389
hsa-miR-6745,GGGUGG,MIMAT0027391
hsa-miR-6746-3p,AGCCGC,MIMAT0027393
hsa-miR-6746-5p,CGGGAG,MIMAT0027392
hsa-miR-6747-3p,CCUGCC,MIMAT0027395
hsa-miR-6747-5p,GGGGUG,MIMAT0027394
hsa-miR-6748-3p,CCUGUC,MIMAT0027397
hsa-miR-6748-5p,GUGGGU,MIMAT0027396
hsa-miR-6749-3p,UCCUCC,MIMAT0027399
hsa-miR-6749-5p,CGGGCC,MIMAT0027398
hsa-miR-6750-3p,AACUCA,MIMAT0027401
hsa-miR-6750-5p,AGGGAA,MIMAT0027400
hsa-miR-6751-3p,CUGAGC,MIMAT0027403
hsa-miR-6751-5p,UGGGGG,MIMAT0027402
hsa-miR-6752-3p,CCCUGC,MIMAT0027405
hsa-miR-6752-5p,GGGGGU,MIMAT0027404
hsa-miR-6753-3p,GGUCUG,MIMAT0027407
hsa-miR-6753-5p,ACCAGG,MIMAT0027406
hsa-miR-675-3p,UGUAUG,MIMAT0006790
hsa-miR-6754-3p,CUUCAC,MIMAT0027409
hsa-miR-6754-5p,CAGGGA,MIMAT0027408
hsa-miR-6755-3p,GUUGUC,MIMAT0027411
hsa-miR-6755-5p,AGGGUA,MIMAT0027410
hsa-miR-675-5p,GGUGCG,MIMAT0004284
hsa-miR-6756-3p,CCCCUU,MIMAT0027413
hsa-miR-6756-5p,GGGUGG,MIMAT0027412
hsa-miR-6757-3p,ACACUG,MIMAT0027415
hsa-miR-6757-5p,AGGGAU,MIMAT0027414
hsa-miR-6758-3p,CUCAUU,MIMAT0027417
hsa-miR-6758-5p,AGAGAG,MIMAT0027416
hsa-miR-6759-3p,GACCUU,MIMAT0027419
hsa-miR-6759-5p,UGUGGG,MIMAT0027418
hsa-miR-6760-3p,CACUGU,MIMAT0027421
hsa-miR-6760-5p,AGGGAG,MIMAT0027420
hsa-miR-6761-3p,CCUACG,MIMAT0027423
hsa-miR-6761-5p,CUGAGA,MIMAT0027422
hsa-miR-6762-3p,GGCUGC,MIMAT0027425
hsa-miR-6762-5p,GGGGCC,MIMAT0027424
hsa-miR-6763-3p,UCCCCG,MIMAT0027427
hsa-miR-6763-5p,UGGGGA,MIMAT0027426
hsa-miR-676-3p,UGUCCU,MIMAT0018204
hsa-miR-6764-3p,CUCUGG,MIMAT0027429
hsa-miR-6764-5p,CCCAGG,MIMAT0027428
hsa-miR-6765-3p,CACCUG,MIMAT0027431
hsa-miR-6765-5p,UGAGGC,MIMAT0027430
hsa-miR-676-5p,CUUCAA,MIMAT0018203
hsa-miR-6766-3p,GAUUGU,MIMAT0027433
hsa-miR-6766-5p,GGGUGG,MIMAT0027432
hsa-miR-6767-3p,CACGUG,MIMAT0027435
hsa-miR-6767-5p,CGCAGA,MIMAT0027434
hsa-miR-6768-3p,AAAGGC,MIMAT0027437
hsa-miR-6768-5p,ACACAG,MIMAT0027436
hsa-miR-6769a-3p,AGCCCC,MIMAT0027439
hsa-miR-6769a-5p,GGUGGG,MIMAT0027438
hsa-miR-6769b-3p,CCUCUC,MIMAT0027621
hsa-miR-6769b-5p,GGUGGG,MIMAT0027620
hsa-miR-6770-3p,UGGCGG,MIMAT0027441
hsa-miR-6770-5p,GAGAAG,MIMAT0027440
hsa-miR-6771-3p,AAACCC,MIMAT0027443
hsa-miR-6771-5p,UCGGGA,MIMAT0027442
hsa-miR-6772-3p,UGCUCC,MIMAT0027445
hsa-miR-6772-5p,GGGUGU,MIMAT0027444
hsa-miR-6773-3p,CUGUCA,MIMAT0027447
hsa-miR-6773-5p,UGGGCC,MIMAT0027446
hsa-miR-6774-3p,CGUGUC,MIMAT0027449
hsa-miR-6774-5p,CUUGGG,MIMAT0027448
hsa-miR-6775-3p,GGCCCU,MIMAT0027451
hsa-miR-6775-5p,CGGGGC,MIMAT0027450
hsa-miR-6776-3p,AACCAC,MIMAT0027453
hsa-miR-6776-5p,CUGGGU,MIMAT0027452
hsa-miR-6777-3p,CCACUC,MIMAT0027455
hsa-miR-6777-5p,CGGGGA,MIMAT0027454
hsa-miR-6778-3p,GCCUCC,MIMAT0027457
hsa-miR-6778-5p,GUGGGA,MIMAT0027456
hsa-miR-6779-3p,AGCCCU,MIMAT0027459
hsa-miR-6779-5p,UGGGAG,MIMAT0027458
hsa-miR-6780a-3p,UCCUCU,MIMAT0027461
hsa-miR-6780a-5p,UGGGAG,MIMAT0027460
hsa-miR-6780b-3p,CCCUUG,MIMAT0027573
hsa-miR-6780b-5p,GGGGAA,MIMAT0027572
hsa-miR-6781-3p,GCCUCU,MIMAT0027463
hsa-miR-6781-5p,GGGCCG,MIMAT0027462
hsa-miR-6782-3p,ACCUUU,MIMAT0027465
hsa-miR-6782-5p,AGGGGU,MIMAT0027464
hsa-miR-6783-3p,UCCUGG,MIMAT0027467
hsa-miR-6783-5p,AGGGGA,MIMAT0027466
hsa-miR-6784-3p,CUCACC,MIMAT0027469
hsa-miR-6784-5p,CCGGGG,MIMAT0027468
hsa-miR-6785-3p,CAUCGC,MIMAT0027471
hsa-miR-6785-5p,GGGAGG,MIMAT0027470
hsa-miR-6786-3p,GACGCC,MIMAT0027473
hsa-miR-6786-5p,CGGUGG,MIMAT0027472
hsa-miR-6787-3p,CUCAGC,MIMAT0027475
hsa-miR-6787-5p,GGCGGG,MIMAT0027474
hsa-miR-6788-3p,UCGCCA,MIMAT0027477
hsa-miR-6788-5p,UGGGAG,MIMAT0027476
hsa-miR-6789-3p,GGCGCC,MIMAT0027479
hsa-miR-6789-5p,UAGGGG,MIMAT0027478
hsa-miR-6790-3p,GACCUC,MIMAT0027481
hsa-miR-6790-5p,UGAGUG,MIMAT0027480
hsa-miR-6791-3p,GCCUCC,MIMAT0027483
hsa-miR-6791-5p,CCCUGG,MIMAT0027482
hsa-miR-6792-3p,UCCUCC,MIMAT0027485
hsa-miR-6792-5p,UAAGCA,MIMAT0027484
hsa-miR-6793-3p,CCCCAA,MIMAT0027487
hsa-miR-6793-5p,GUGGGU,MIMAT0027486
hsa-miR-6794-3p,UCACUC,MIMAT0027489
hsa-miR-6794-5p,AGGGGG,MIMAT0027488
hsa-miR-6795-3p,CCCCUC,MIMAT0027491
hsa-miR-6795-5p,GGGGGG,MIMAT0027490
hsa-miR-6796-3p,AAGCUC,MIMAT0027493
hsa-miR-6796-5p,UGUGGG,MIMAT0027492
hsa-miR-6797-3p,GCAUGA,MIMAT0027495
hsa-miR-6797-5p,GGAGGG,MIMAT0027494
hsa-miR-6798-3p,UACCCC,MIMAT0027497
hsa-miR-6798-5p,CAGGGG,MIMAT0027496
hsa-miR-6799-3p,GCCCUG,MIMAT0027499
hsa-miR-6799-5p,GGGAGG,MIMAT0027498
hsa-miR-6800-3p,ACCUCU,MIMAT0027501
hsa-miR-6800-5p,UAGGUG,MIMAT0027500
hsa-miR-6801-3p,CCCCUG,MIMAT0027503
hsa-miR-6801-5p,GGUCAG,MIMAT0027502
hsa-miR-6802-3p,UCACCC,MIMAT0027505
hsa-miR-6802-5p,UAGGUG,MIMAT0027504
hsa-miR-6803-3p,CCCUCG,MIMAT0027507
hsa-miR-6803-5p,UGGGGG,MIMAT0027506
hsa-miR-6804-3p,GCACCU,MIMAT0027509
hsa-miR-6804-5p,GAGGGU,MIMAT0027508
hsa-miR-6805-3p,UGCUCU,MIMAT0027511
hsa-miR-6805-5p,AGGGGG,MIMAT0027510
hsa-miR-6806-3p,GAAGCU,MIMAT0027513
hsa-miR-6806-5p,GUAGGC,MIMAT0027512
hsa-miR-6807-3p,ACUGCA,MIMAT0027515
hsa-miR-6807-5p,UGAGCC,MIMAT0027514
hsa-miR-6808-3p,UGUGAC,MIMAT0027517
hsa-miR-6808-5p,AGGCAG,MIMAT0027516
hsa-miR-6809-3p,UUCUCU,MIMAT0027519
hsa-miR-6809-5p,GGCAAG,MIMAT0027518
hsa-miR-6810-3p,CCCCUG,MIMAT0027521
hsa-miR-6810-5p,UGGGGA,MIMAT0027520
hsa-miR-6811-3p,GCCUGU,MIMAT0027523
hsa-miR-6811-5p,UGCAGG,MIMAT0027522
hsa-miR-6812-3p,CGCUCU,MIMAT0027525
hsa-miR-6812-5p,UGGGGU,MIMAT0027524
hsa-miR-6813-3p,ACCUUG,MIMAT0027527
hsa-miR-6813-5p,AGGGGC,MIMAT0027526
hsa-miR-6814-3p,CUCGCA,MIMAT0027529
hsa-miR-6814-5p,CCCAAG,MIMAT0027528
hsa-miR-6815-3p,GGCUUC,MIMAT0027531
hsa-miR-6815-5p,AGGUGG,MIMAT0027530
hsa-miR-6816-3p,AAGGAC,MIMAT0027533
hsa-miR-6816-5p,GGGGCG,MIMAT0027532
hsa-miR-6817-3p,CUCUCU,MIMAT0027535
hsa-miR-6817-5p,CUGCCA,MIMAT0027534
hsa-miR-6818-3p,UGUCUC,MIMAT0027537
hsa-miR-6818-5p,UGUGUG,MIMAT0027536
hsa-miR-6819-3p,AGCCUC,MIMAT0027539
hsa-miR-6819-5p,UGGGGU,MIMAT0027538
hsa-miR-6820-3p,GUGACU,MIMAT0027541
hsa-miR-6820-5p,GCGGCA,MIMAT0027540
hsa-miR-6821-3p,GACCUC,MIMAT0027543
hsa-miR-6821-5p,UGCGUG,MIMAT0027542
hsa-miR-6822-3p,GGCUCU,MIMAT0027545
hsa-miR-6822-5p,AGGGAA,MIMAT0027544
hsa-miR-6823-3p,GAGCCU,MIMAT0027547
hsa-miR-6823-5p,CAGGGU,MIMAT0027546
hsa-miR-6824-3p,CUCUGG,MIMAT0027549
hsa-miR-6824-5p,UAGGGG,MIMAT0027548
hsa-miR-6825-3p,CGCUGA,MIMAT0027551
hsa-miR-6825-5p,GGGGAG,MIMAT0027550
hsa-miR-6826-3p,UCCCCU,MIMAT0027553
hsa-miR-6826-5p,CAAUAG,MIMAT0027552
hsa-miR-6827-3p,CCGUCU,MIMAT0027555
hsa-miR-6827-5p,GGGAGC,MIMAT0027554
hsa-miR-6828-3p,UCUGCU,MIMAT0027557
hsa-miR-6828-5p,GGAAGC,MIMAT0027556
hsa-miR-6829-3p,GCCUCC,MIMAT0027559
hsa-miR-6829-5p,GGGCUG,MIMAT0027558
hsa-miR-6830-3p,GUCUUU,MIMAT0027561
hsa-miR-6830-5p,CAAGGA,MIMAT0027560
hsa-miR-6831-3p,GACUAA,MIMAT0027563
hsa-miR-6831-5p,AGGUAG,MIMAT0027562
hsa-miR-6832-3p,CCCUUU,MIMAT0027565
hsa-miR-6832-5p,GUAGAG,MIMAT0027564
hsa-miR-6833-3p,UUCUCU,MIMAT0027567
hsa-miR-6833-5p,UGUGGA,MIMAT0027566
hsa-miR-6834-3p,AUGUCC,MIMAT0027569
hsa-miR-6834-5p,UGAGGG,MIMAT0027568
hsa-miR-6835-3p,AAAGCA,MIMAT0027571
hsa-miR-6835-5p,GGGGGU,MIMAT0027570
hsa-miR-6836-3p,UGCCUC,MIMAT0027575
hsa-miR-6836-5p,GCAGGG,MIMAT0027574
hsa-miR-6837-3p,CUUCAC,MIMAT0027577
hsa-miR-6837-5p,CCAGGG,MIMAT0027576
hsa-miR-6838-3p,AGUCCU,MIMAT0027579
hsa-miR-6838-5p,AGCAGC,MIMAT0027578
hsa-miR-6839-3p,UGGGUU,MIMAT0027581
hsa-miR-6839-5p,CUGGAU,MIMAT0027580
hsa-miR-6840-3p,CCCAGG,MIMAT0027583
hsa-miR-6840-5p,CCCCCG,MIMAT0027582
hsa-miR-6841-3p,CCUUGC,MIMAT0027585
hsa-miR-6841-5p,AGGGUA,MIMAT0027584
hsa-miR-6842-3p,UGGCUG,MIMAT0027587
hsa-miR-6842-5p,GGGGGU,MIMAT0027586
hsa-miR-6843-3p,UGGUCU,MIMAT0027588
hsa-miR-6844,UCUUUG,MIMAT0027589
hsa-miR-6845-3p,CUCUCC,MIMAT0027591
hsa-miR-6845-5p,GGGGCC,MIMAT0027590
hsa-miR-6846-3p,GACCCC,MIMAT0027593
hsa-miR-6846-5p,GGGGGC,MIMAT0027592
hsa-miR-6847-3p,GCUCAU,MIMAT0027595
hsa-miR-6847-5p,CAGAGG,MIMAT0027594
hsa-miR-6848-3p,UGGUCU,MIMAT0027597
hsa-miR-6848-5p,GGGGGC,MIMAT0027596
hsa-miR-6849-3p,CCAGCC,MIMAT0027599
hsa-miR-6849-5p,AGUGGA,MIMAT0027598
hsa-miR-6850-3p,CCGGCC,MIMAT0027601
hsa-miR-6850-5p,UGCGGA,MIMAT0027600
hsa-miR-6851-3p,GGCCCU,MIMAT0027603
hsa-miR-6851-5p,GGAGGU,MIMAT0027602
hsa-miR-6852-3p,GUCCUC,MIMAT0027605
hsa-miR-6852-5p,CCUGGG,MIMAT0027604
hsa-miR-6853-3p,GUUCAU,MIMAT0027607
hsa-miR-6853-5p,GCGUGG,MIMAT0027606
hsa-miR-6854-3p,GCGUUU,MIMAT0027609
hsa-miR-6854-5p,AGCUCA,MIMAT0027608
hsa-miR-6855-3p,GACUGA,MIMAT0027611
hsa-miR-6855-5p,UGGGGU,MIMAT0027610
hsa-miR-6856-3p,ACAGCC,MIMAT0027613
hsa-miR-6856-5p,AGAGAG,MIMAT0027612
hsa-miR-6857-3p,GACUGA,MIMAT0027615
hsa-miR-6857-5p,UGGGGA,MIMAT0027614
hsa-miR-6858-3p,AGCCAG,MIMAT0027617
hsa-miR-6858-5p,UGAGGA,MIMAT0027616
hsa-miR-6859-3p,GACCCC,MIMAT0027619
hsa-miR-6859-5p,AGAGGA,MIMAT0027618
hsa-miR-6860,CUGGGC,MIMAT0027622
hsa-miR-6861-3p,GGACCU,MIMAT0027624
hsa-miR-6861-5p,CUGGGU,MIMAT0027623
hsa-miR-6862-3p,CUCACC,MIMAT0027626
hsa-miR-6862-5p,GGGCAU,MIMAT0027625
hsa-miR-6863,AGACGU,MIMAT0027627
hsa-miR-6864-3p,UGAGAC,MIMAT0027629
hsa-miR-6864-5p,UGAAGG,MIMAT0027628
hsa-miR-6865-3p,CACCCU,MIMAT0027631
hsa-miR-6865-5p,AGGUGG,MIMAT0027630
hsa-miR-6866-3p,AUCCCU,MIMAT0027633
hsa-miR-6866-5p,UAGAGG,MIMAT0027632
hsa-miR-6867-3p,UCUCCC,MIMAT0027635
hsa-miR-6867-5p,GUGUGU,MIMAT0027634
hsa-miR-6868-3p,UCCUUC,MIMAT0027637
hsa-miR-6868-5p,CUGGCA,MIMAT0027636
hsa-miR-6869-3p,GCCGCG,MIMAT0027639
hsa-miR-6869-5p,UGAGUA,MIMAT0027638
hsa-miR-6870-3p,CUCAUC,MIMAT0027641
hsa-miR-6870-5p,GGGGGA,MIMAT0027640
hsa-miR-6871-3p,AGCACC,MIMAT0027643
hsa-miR-6871-5p,AUGGGA,MIMAT0027642
hsa-miR-6872-3p,CCAUGC,MIMAT0027645
hsa-miR-6872-5p,CUCGCA,MIMAT0027644
hsa-miR-6873-3p,UCUCUC,MIMAT0027647
hsa-miR-6873-5p,AGAGGG,MIMAT0027646
hsa-miR-6874-3p,AGUUCU,MIMAT0027649
hsa-miR-6874-5p,UGGAGC,MIMAT0027648
hsa-miR-6875-3p,UUCUUC,MIMAT0027651
hsa-miR-6875-5p,GAGGGA,MIMAT0027650
hsa-miR-6876-3p,GCUGUC,MIMAT0027653
hsa-miR-6876-5p,AGGAAG,MIMAT0027652
hsa-miR-6877-3p,AGCCUC,MIMAT0027655
hsa-miR-6877-5p,GGGCCG,MIMAT0027654
hsa-miR-6878-3p,UGGCCU,MIMAT0027657
hsa-miR-6878-5p,GGGAGA,MIMAT0027656
hsa-miR-6879-3p,GUCACC,MIMAT0027659
hsa-miR-6879-5p,AGGGCA,MIMAT0027658
hsa-miR-6880-3p,CGCCUU,MIMAT0027661
hsa-miR-6880-5p,GGUGGA,MIMAT0027660
hsa-miR-6881-3p,UCCUCU,MIMAT0027663
hsa-miR-6881-5p,GGGGUA,MIMAT0027662
hsa-miR-6882-3p,GCUGCC,MIMAT0027665
hsa-miR-6882-5p,ACAAGU,MIMAT0027664
hsa-miR-6883-3p,UCCCUA,MIMAT0027667
hsa-miR-6883-5p,GGGAGG,MIMAT0027666
hsa-miR-6884-3p,CCAUCA,MIMAT0027669
hsa-miR-6884-5p,GAGGCU,MIMAT0027668
hsa-miR-6885-3p,UUUGCU,MIMAT0027671
hsa-miR-6885-5p,GGGGGG,MIMAT0027670
hsa-miR-6886-3p,GCCCUU,MIMAT0027673
hsa-miR-6886-5p,CCGCAG,MIMAT0027672
hsa-miR-6887-3p,CCCCUC,MIMAT0027675
hsa-miR-6887-5p,GGGGGG,MIMAT0027674
hsa-miR-6888-3p,UCUGUC,MIMAT0027677
hsa-miR-6888-5p,AGGAGA,MIMAT0027676
hsa-miR-6889-3p,CUGUGC,MIMAT0027679
hsa-miR-6889-5p,CGGGGA,MIMAT0027678
hsa-miR-6890-3p,CACUGC,MIMAT0027681
hsa-miR-6890-5p,AUGGGG,MIMAT0027680
hsa-miR-6891-3p,CCUCAU,MIMAT0027683
hsa-miR-6891-5p,AAGGAG,MIMAT0027682
hsa-miR-6892-3p,CCCUCU,MIMAT0027685
hsa-miR-6892-5p,UAAGGG,MIMAT0027684
hsa-miR-6893-3p,CCUGCU,MIMAT0027687
hsa-miR-6893-5p,AGGCAG,MIMAT0027686
hsa-miR-6894-3p,UGCCUG,MIMAT0027689
hsa-miR-6894-5p,GGAGGA,MIMAT0027688
hsa-miR-6895-3p,GUCUCU,MIMAT0027691
hsa-miR-6895-5p,AGGGCC,MIMAT0027690
hsa-miR-708-3p,AACUAG,MIMAT0004927
hsa-miR-708-5p,AGGAGC,MIMAT0004926
hsa-miR-7106-3p,GCUCCC,MIMAT0028110
hsa-miR-7106-5p,GGGAGG,MIMAT0028109
hsa-miR-7107-3p,GGUCUG,MIMAT0028112
hsa-miR-7107-5p,CGGCCU,MIMAT0028111
hsa-miR-7108-3p,CCCGCC,MIMAT0028114
hsa-miR-7108-5p,UGUGGC,MIMAT0028113
hsa-miR-7109-3p,AAGCCU,MIMAT0028116
hsa-miR-7109-5p,UGGGGG,MIMAT0028115
hsa-miR-711,GGACCC,MIMAT0012734
hsa-miR-7110-3p,CUCUCU,MIMAT0028118
hsa-miR-7110-5p,GGGGGU,MIMAT0028117
hsa-miR-7111-3p,UCCUCU,MIMAT0028120
hsa-miR-7111-5p,GGGGGA,MIMAT0028119
hsa-miR-7112-3p,GCAUCA,MIMAT0028122
hsa-miR-7112-5p,CGGGCA,MIMAT0028121
hsa-miR-7113-3p,CUCCCU,MIMAT0028124
hsa-miR-7113-5p,CCAGGG,MIMAT0028123
hsa-miR-7114-3p,GACCCA,MIMAT0028126
hsa-miR-7114-5p,CUGUGG,MIMAT0028125
hsa-miR-7-1-3p,AACAAA,MIMAT0004553
hsa-miR-7150,UGGCAG,MIMAT0028211
hsa-miR-7151-3p,UACAGG,MIMAT0028213
hsa-miR-7151-5p,AUCCAU,MIMAT0028212
hsa-miR-7152-3p,CUGGUC,MIMAT0028215
hsa-miR-7152-5p,UUCCUG,MIMAT0028214
hsa-miR-7153-3p,ACCAUG,MIMAT0028217
hsa-miR-7153-5p,GAGAAC,MIMAT0028216
hsa-miR-7154-3p,GGAGGA,MIMAT0028219
hsa-miR-7154-5p,UCAUGA,MIMAT0028218
hsa-miR-7155-3p,GGCCCA,MIMAT0028221
hsa-miR-7155-5p,CUGGGG,MIMAT0028220
hsa-miR-7156-3p,UGCAGC,MIMAT0028223
hsa-miR-7156-5p,UGUUCU,MIMAT0028222
hsa-miR-7157-3p,CUGUGC,MIMAT0028225
hsa-miR-7157-5p,CAGCAU,MIMAT0028224
hsa-miR-7158-3p,UGAACU,MIMAT0028227
hsa-miR-7158-5p,GCUCAA,MIMAT0028226
hsa-miR-7159-3p,UUCUAU,MIMAT0028229
hsa-miR-7159-5p,UCAACA,MIMAT0028228
hsa-miR-7160-3p,AGGGCC,MIMAT0028231
hsa-miR-7160-5p,GCUGAG,MIMAT0028230
hsa-miR-7161-3p,AGAUCU,MIMAT0028233
hsa-miR-7161-5p,AAAGAC,MIMAT0028232
hsa-miR-7162-3p,CUGAGG,MIMAT0028235
hsa-miR-7162-5p,GCUUCC,MIMAT0028234
hsa-miR-718,UUCCGC,MIMAT0012735
hsa-miR-7-2-3p,AACAAA,MIMAT0004554
hsa-miR-744-3p,UGUUGC,MIMAT0004946
hsa-miR-744-5p,GCGGGG,MIMAT0004945
hsa-miR-7515,GAAGGG,MIMAT0029310
hsa-miR-758-3p,UUGUGA,MIMAT0003879
hsa-miR-758-5p,AUGGUU,MIMAT0022929
hsa-miR-759,CAGAGU,MIMAT0010497
hsa-miR-7-5p,GGAAGA,MIMAT0000252
hsa-miR-760,GGCUCU,MIMAT0004957
hsa-miR-761,CAGCAG,MIMAT0010364
hsa-miR-762,GGGCUG,MIMAT0010313
hsa-miR-764,CAGGUG,MIMAT0010367
hsa-miR-7641,UGAUCU,MIMAT0029782
hsa-miR-765,GGAGGA,MIMAT0003945
hsa-miR-766-3p,CUCCAG,MIMAT0003888
hsa-miR-766-5p,GGAGGA,MIMAT0022714
hsa-miR-767-3p,CUGCUC,MIMAT0003883
hsa-miR-767-5p,GCACCA,MIMAT0003882
hsa-miR-769-3p,UGGGAU,MIMAT0003887
hsa-miR-769-5p,GAGACC,MIMAT0003886
hsa-miR-7702,UUAGAC,MIMAT0030017
hsa-miR-7703,UGCACU,MIMAT0030018
hsa-miR-7704,GGGGUC,MIMAT0030019
hsa-miR-7705,AUAGCU,MIMAT0030020
hsa-miR-770-5p,CCAGUA,MIMAT0003948
hsa-miR-7706,GAAGCG,MIMAT0030021
hsa-miR-7843-3p,UGAAGC,MIMAT0030412
hsa-miR-7843-5p,AGGGCA,MIMAT0030411
hsa-miR-7844-5p,AAACUA,MIMAT0030419
hsa-miR-7845-5p,AGGGAC,MIMAT0030420
hsa-miR-7846-3p,AGCGGA,MIMAT0030421
hsa-miR-7847-3p,GUGGAG,MIMAT0030422
hsa-miR-7848-3p,UACCCU,MIMAT0030423
hsa-miR-7849-3p,ACAAUU,MIMAT0030424
hsa-miR-7850-5p,UUUGGA,MIMAT0030425
hsa-miR-7851-3p,ACCUGG,MIMAT0030426
hsa-miR-7852-3p,AUGUAG,MIMAT0030427
hsa-miR-7853-5p,CAAAUG,MIMAT0030428
hsa-miR-7854-3p,GAGGUG,MIMAT0030429
hsa-miR-7855-5p,UGGUGA,MIMAT0030430
hsa-miR-7856-5p,UUUAAG,MIMAT0030431
hsa-miR-7973,GUGACC,MIMAT0031176
hsa-miR-7974,GGCUGU,MIMAT0031177
hsa-miR-7975,UCCUAG,MIMAT0031178
hsa-miR-7976,GCCCUG,MIMAT0031179
hsa-miR-7977,UCCCAG,MIMAT0031180
hsa-miR-7978,CUGGUG,MIMAT0031181
hsa-miR-802,CAGUAA,MIMAT0004185
hsa-miR-8052,GGGACU,MIMAT0030979
hsa-miR-8053,GGCGAU,MIMAT0030980
hsa-miR-8054,AAAGUA,MIMAT0030981
hsa-miR-8055,UUUGAG,MIMAT0030982
hsa-miR-8056,GUGGAU,MIMAT0030983
hsa-miR-8057,UGGCUC,MIMAT0030984
hsa-miR-8058,UGGACU,MIMAT0030985
hsa-miR-8059,GGGAAC,MIMAT0030986
hsa-miR-8060,CAUGAA,MIMAT0030987
hsa-miR-8061,UUAGAU,MIMAT0030988
hsa-miR-8062,AGUGAU,MIMAT0030989
hsa-miR-8063,CAAAAU,MIMAT0030990
hsa-miR-8064,GCACAC,MIMAT0030991
hsa-miR-8065,GUAGGA,MIMAT0030992
hsa-miR-8066,AAUGUG,MIMAT0030993
hsa-miR-8067,CUAGAA,MIMAT0030994
hsa-miR-8068,GUUUGU,MIMAT0030995
hsa-miR-8069,GAUGGU,MIMAT0030996
hsa-miR-8070,UGUGAU,MIMAT0030997
hsa-miR-8071,GGUGGA,MIMAT0030998
hsa-miR-8072,GCGGCG,MIMAT0030999
hsa-miR-8073,CCUGGC,MIMAT0031000
hsa-miR-8074,UAUGGC,MIMAT0031001
hsa-miR-8075,GCUGAU,MIMAT0031002
hsa-miR-8076,AUAUGG,MIMAT0031003
hsa-miR-8077,GCUGAG,MIMAT0031004
hsa-miR-8078,GUCUAG,MIMAT0031005
hsa-miR-8079,AGUGAU,MIMAT0031006
hsa-miR-8080,AAGGAC,MIMAT0031007
hsa-miR-8081,UUGAGU,MIMAT0031008
hsa-miR-8082,GAUGGA,MIMAT0031009
hsa-miR-8083,AGGACU,MIMAT0031010
hsa-miR-8084,AAUACU,MIMAT0031011
hsa-miR-8085,GGGAGA,MIMAT0031012
hsa-miR-8086,GCUAGU,MIMAT0031013
hsa-miR-8087,AAGACU,MIMAT0031014
hsa-miR-8088,CUCGGU,MIMAT0031015
hsa-miR-8089,CUGGGG,MIMAT0031016
hsa-miR-8485,ACACAC,MIMAT0033692
hsa-miR-873-3p,GAGACU,MIMAT0022717
hsa-miR-873-5p,CAGGAA,MIMAT0004953
hsa-miR-874-3p,UGCCCU,MIMAT0004911
hsa-miR-874-5p,GGCCCC,MIMAT0026718
hsa-miR-875-3p,CUGGAA,MIMAT0004923
hsa-miR-875-5p,AUACCU,MIMAT0004922
hsa-miR-876-3p,GGUGGU,MIMAT0004925
hsa-miR-876-5p,GGAUUU,MIMAT0004924
hsa-miR-877-3p,CCUCUU,MIMAT0004950
hsa-miR-877-5p,UAGAGG,MIMAT0004949
hsa-miR-885-3p,GGCAGC,MIMAT0004948
hsa-miR-885-5p,CCAUUA,MIMAT0004947
hsa-miR-887-3p,UGAACG,MIMAT0004951
hsa-miR-887-5p,UUGGGA,MIMAT0026720
hsa-miR-888-3p,ACUGAC,MIMAT0004917
hsa-miR-888-5p,ACUCAA,MIMAT0004916
hsa-miR-889-3p,UAAUAU,MIMAT0004921
hsa-miR-889-5p,AUGGCU,MIMAT0026719
hsa-miR-890,ACUUGG,MIMAT0004912
hsa-miR-891a-3p,GUGGCA,MIMAT0026717
hsa-miR-891a-5p,GCAACG,MIMAT0004902
hsa-miR-891b,GCAACU,MIMAT0004913
hsa-miR-892a,ACUGUG,MIMAT0004907
hsa-miR-892b,ACUGGC,MIMAT0004918
hsa-miR-892c-3p,ACUGUU,MIMAT0025858
hsa-miR-892c-5p,AUUCAG,MIMAT0025857
hsa-miR-920,GGGAGC,MIMAT0004970
hsa-miR-921,UAGUGA,MIMAT0004971
hsa-miR-922,CAGCAG,MIMAT0004972
hsa-miR-924,GAGUCU,MIMAT0004974
hsa-miR-92a-1-5p,GGUUGG,MIMAT0004507
hsa-miR-92a-2-5p,GGUGGG,MIMAT0004508
hsa-miR-92a-3p,AUUGCA,MIMAT0000092
hsa-miR-92b-3p,AUUGCA,MIMAT0003218
hsa-miR-92b-5p,GGGACG,MIMAT0004792
hsa-miR-933,GUGCGC,MIMAT0004976
hsa-miR-93-3p,CUGCUG,MIMAT0004509
hsa-miR-934,GUCUAC,MIMAT0004977
hsa-miR-935,CAGUUA,MIMAT0004978
hsa-miR-93-5p,AAAGUG,MIMAT0000093
hsa-miR-936,CAGUAG,MIMAT0004979
hsa-miR-937-3p,UCCGCG,MIMAT0004980
hsa-miR-937-5p,UGAGUC,MIMAT0022938
hsa-miR-938,GCCCUU,MIMAT0004981
hsa-miR-939-3p,CCUGGG,MIMAT0022939
hsa-miR-939-5p,GGGGAG,MIMAT0004982
hsa-miR-9-3p,UAAAGC,MIMAT0000442
hsa-miR-940,AGGCAG,MIMAT0004983
hsa-miR-941,ACCCGG,MIMAT0004984
hsa-miR-942-3p,ACAUGG,MIMAT0026734
hsa-miR-942-5p,CUUCUC,MIMAT0004985
hsa-miR-943,UGACUG,MIMAT0004986
hsa-miR-944,AAUUAU,MIMAT0004987
hsa-miR-9500,AGGGAA,MIMAT0035542
hsa-miR-95-3p,UCAACG,MIMAT0000094
hsa-miR-95-5p,CAAUAA,MIMAT0026473
hsa-miR-9-5p,CUUUGG,MIMAT0000441
hsa-miR-96-3p,AUCAUG,MIMAT0004510
hsa-miR-96-5p,UUGGCA,MIMAT0000095
hsa-miR-98-3p,UAUACA,MIMAT0022842
hsa-miR-98-5p,GAGGUA,MIMAT0000096
hsa-miR-99a-3p,AAGCUC,MIMAT0004511
hsa-miR-99a-5p,ACCCGU,MIMAT0000097
hsa-miR-99b-3p,AAGCUC,MIMAT0004678
hsa-miR-99b-5p,ACCCGU,MIMAT0000689
